nhanh;vung;cap_bfs
10500;5_OMonXaNo;1
13000;5_OMonXaNo;1
14000Nho;5_OMonXaNo;1
15_9 canal;4_NamMangThit;2
16000;5_OMonXaNo;1
2-9_DOWN;4_NamMangThit;2
3 Cui;6_QLPH_LongPhu;1
30-4;6_QLPH_LongPhu;3
3Thuoc;5_OMonXaNo;1
4000;5_OMonXaNo;1
6500_1;5_OMonXaNo;2
6500_2;7_CaiLon_BCM;2
6500_3;5_OMonXaNo;1
7000_1;5_OMonXaNo;1
7000_2;5_OMonXaNo;2
7000_3;5_OMonXaNo;1
9 Thuoc;5_OMonXaNo;2
9 Thuoc2;5_OMonXaNo;1
9500;5_OMonXaNo;1
A Cu;6_QLPH_LongPhu;2
A01;7_CaiLon_BCM;2
A02;7_CaiLon_BCM;2
A03;7_CaiLon_BCM;2
A04;3_CuLaoTien;1
A05;3_CuLaoTien;1
A06;3_CuLaoTien;1
A07;3_CuLaoTien;2
A08;3_CuLaoTien;1
A09;3_CuLaoTien;2
A10;3_CuLaoTien;1
A11;3_CuLaoTien;1
A12;3_CuLaoTien;1
A13;3_CuLaoTien;1
A14;3_CuLaoTien;1
A15;3_CuLaoTien;1
A16;3_CuLaoTien;2
A17;3_CuLaoTien;1
A18;3_CuLaoTien;3
AMAB1;1_TGLX;4
AMAB10;7_CaiLon_BCM;1
AMAB11;7_CaiLon_BCM;1
AMAB12;7_CaiLon_BCM;1
AMAB13;1_TGLX;2
AMAB14;1_TGLX;2
AMAB15;7_CaiLon_BCM;2
AMAB16;1_TGLX;2
AMAB17;7_CaiLon_BCM;2
AMAB2;1_TGLX;2
AMAB3;1_TGLX;4
AMAB4;1_TGLX;4
AMAB5;1_TGLX;2
AMAB6;1_TGLX;2
AMAB7;1_TGLX;3
AMAB8;7_CaiLon_BCM;1
AMAB9;7_CaiLon_BCM;1
APMYXEOLAXEOGIUA;5_OMonXaNo;3
An Binh;2_DTM;1
An Binh AG;1_TGLX;2
An Phong MH;2_DTM;1
An Phong MH1;2_DTM;1
An Tap;1_TGLX;2
B01;7_CaiLon_BCM;2
B02;7_CaiLon_BCM;1
B03;7_CaiLon_BCM;1
B04;3_CuLaoTien;2
B05;7_CaiLon_BCM;2
B06;7_CaiLon_BCM;1
B07;7_CaiLon_BCM;2
B08;3_CuLaoTien;3
B09;7_CaiLon_BCM;2
B10;3_CuLaoTien;3
B11;3_CuLaoTien;2
B12;3_CuLaoTien;2
B13;3_CuLaoTien;2
B14;3_CuLaoTien;2
B15;3_CuLaoTien;3
B16;3_CuLaoTien;3
B17;3_CuLaoTien;2
B18;3_CuLaoTien;1
B19;3_CuLaoTien;1
B20;3_CuLaoTien;1
B21;3_CuLaoTien;3
B22;3_CuLaoTien;3
B23;3_CuLaoTien;4
B24;3_CuLaoTien;2
B25;3_CuLaoTien;3
B26;3_CuLaoTien;2
B27;3_CuLaoTien;1
B28;3_CuLaoTien;2
B29;3_CuLaoTien;4
B30;3_CuLaoTien;1
B31;3_CuLaoTien;2
B32;7_CaiLon_BCM;1
B33;7_CaiLon_BCM;1
B34;7_CaiLon_BCM;2
BACTRANG;4_NamMangThit;3
BASI_CR;4_NamMangThit;2
BASSAC;0_TRUC;0
BBCBang;1_TGLX;2
BDSauHy;6_QLPH_LongPhu;2
BONGLOT_CR;4_NamMangThit;2
BRTaLiem;6_QLPH_LongPhu;2
BUNGTRUONG;4_NamMangThit;2
Ba Ai 1;6_QLPH_LongPhu;2
Ba Cang;7_CaiLon_BCM;3
Ba Chieu;1_TGLX;2
Ba Dot;6_QLPH_LongPhu;2
Ba Hoi;6_QLPH_LongPhu;2
Ba Hon;1_TGLX;1
Ba Ke;1_TGLX;1
Ba Kieng;3_CuLaoTien;1
Ba Lai;3_CuLaoTien;0
Ba Ngan;5_OMonXaNo;2
Ba Quy;1_TGLX;2
Ba Rai;2_DTM;1
Ba Rinh CMP_Moi;6_QLPH_LongPhu;2
Ba Rinh Moi;6_QLPH_LongPhu;2
Ba Tau;1_TGLX;3
Ba Tha;6_QLPH_LongPhu;1
Ba The;1_TGLX;0
Ba The Moi;1_TGLX;0
Ba Vom;3_CuLaoTien;1
Ba Xa;6_QLPH_LongPhu;2
Ba ke;7_CaiLon_BCM;2
BaCon;5_OMonXaNo;1
BaHien1;1_TGLX;2
BaHien2;1_TGLX;2
BaQuan1;7_CaiLon_BCM;1
BaQuan2;7_CaiLon_BCM;2
BaVoi_1;5_OMonXaNo;2
BaVoi_2;5_OMonXaNo;1
Bac Chan;2_DTM;1
Bac Dong;3_CuLaoTien;1
Bac Lieu;6_QLPH_LongPhu;1
Bach nguu;7_CaiLon_BCM;1
BachNguu1;6_QLPH_LongPhu;2
Ban;7_CaiLon_BCM;1
BanBe1;7_CaiLon_BCM;2
BanBe2;7_CaiLon_BCM;2
BanBe3;7_CaiLon_BCM;1
Bang Day;2_DTM;1
Bang Lang;2_DTM;1
Banghe_Ngaichanh;4_NamMangThit;2
Bao Dinh;2_DTM;0
Bao Ke DH;4_NamMangThit;2
Bao Thui;6_QLPH_LongPhu;2
Bassac4;1_TGLX;2
Bau Mon;6_QLPH_LongPhu;2
Bau Nau;2_DTM;2
Bau Nau1;2_DTM;1
Bay Hap;7_CaiLon_BCM;0
Bay Thuoc;2_DTM;1
Bay thuoc;2_DTM;2
Ben Bao;5_OMonXaNo;5
Ben Long;6_QLPH_LongPhu;1
Binh Chanh;3_CuLaoTien;1
Binh Hung;6_QLPH_LongPhu;1
Binh Thanh;2_DTM;1
Binh Thanh cau;2_DTM;1
Binh Thanh4;2_DTM;1
Bo Bo;2_DTM;1
Bo Thao;6_QLPH_LongPhu;2
BoDoi;5_OMonXaNo;3
BoiLoi;7_CaiLon_BCM;1
Bon Thuoc;7_CaiLon_BCM;2
Bon Thuoc1;6_QLPH_LongPhu;1
Bon Thuoc2;6_QLPH_LongPhu;2
Bon Tong;1_TGLX;1
Bong Binh;5_OMonXaNo;3
Bong Binh1;5_OMonXaNo;4
BongBongNho;7_CaiLon_BCM;2
Branch AA;7_CaiLon_BCM;0
Branch AB;7_CaiLon_BCM;0
Branch AC;7_CaiLon_BCM;0
Branch1000;7_CaiLon_BCM;0
Branch1001;7_CaiLon_BCM;0
Branch1002;7_CaiLon_BCM;0
Branch1003;7_CaiLon_BCM;0
Branch1004;7_CaiLon_BCM;0
Branch1005;7_CaiLon_BCM;0
Branch1006;7_CaiLon_BCM;0
Branch1007;7_CaiLon_BCM;0
Branch1008;7_CaiLon_BCM;0
Branch1009;7_CaiLon_BCM;0
Branch1010;7_CaiLon_BCM;0
Branch1011;7_CaiLon_BCM;0
Branch1012;7_CaiLon_BCM;0
Branch1013;7_CaiLon_BCM;0
Branch1014;7_CaiLon_BCM;0
Branch1015;7_CaiLon_BCM;0
Branch1016;7_CaiLon_BCM;0
Branch1017;7_CaiLon_BCM;0
Branch1018;7_CaiLon_BCM;0
Branch1019;7_CaiLon_BCM;0
Branch1020;7_CaiLon_BCM;0
Branch1021;7_CaiLon_BCM;0
Branch1022;7_CaiLon_BCM;0
Branch1023;7_CaiLon_BCM;0
Branch1024;7_CaiLon_BCM;0
Branch1025;7_CaiLon_BCM;0
Branch1026;7_CaiLon_BCM;0
Branch1027;7_CaiLon_BCM;0
Branch1028;7_CaiLon_BCM;0
Branch1029;7_CaiLon_BCM;0
Branch1030;7_CaiLon_BCM;0
Branch1031;7_CaiLon_BCM;0
Branch1032;7_CaiLon_BCM;0
Branch1033;7_CaiLon_BCM;0
Branch1034;7_CaiLon_BCM;0
Branch1035;7_CaiLon_BCM;0
Branch1036;7_CaiLon_BCM;0
Branch1037;7_CaiLon_BCM;0
Branch1038;7_CaiLon_BCM;0
Branch1039;7_CaiLon_BCM;0
Branch1040;7_CaiLon_BCM;0
Branch1041;7_CaiLon_BCM;0
Branch1042;7_CaiLon_BCM;0
Branch1043;7_CaiLon_BCM;0
Branch1044;7_CaiLon_BCM;0
Branch1045;7_CaiLon_BCM;0
Branch1046;7_CaiLon_BCM;0
Branch1047;7_CaiLon_BCM;0
Branch1048;7_CaiLon_BCM;0
Branch1049;7_CaiLon_BCM;0
Branch1050;7_CaiLon_BCM;0
Branch1051;7_CaiLon_BCM;0
Branch1052;7_CaiLon_BCM;0
Branch1053;7_CaiLon_BCM;0
Branch1054;7_CaiLon_BCM;0
Branch1055;7_CaiLon_BCM;0
Branch1056;7_CaiLon_BCM;0
Branch1157;7_CaiLon_BCM;0
Branch1158;7_CaiLon_BCM;0
Branch1159;7_CaiLon_BCM;0
Branch1160;7_CaiLon_BCM;0
Branch1161;7_CaiLon_BCM;0
Branch1162;7_CaiLon_BCM;0
Branch1163;7_CaiLon_BCM;0
Branch1165;7_CaiLon_BCM;0
Branch1166;7_CaiLon_BCM;0
Branch1167;7_CaiLon_BCM;0
Branch1169;7_CaiLon_BCM;0
Branch1170;7_CaiLon_BCM;0
Branch1171;7_CaiLon_BCM;0
Branch1191;7_CaiLon_BCM;0
Branch1192;7_CaiLon_BCM;0
Branch1201;7_CaiLon_BCM;0
Branch972;7_CaiLon_BCM;0
Branch973;7_CaiLon_BCM;0
Branch974;7_CaiLon_BCM;0
Branch975;7_CaiLon_BCM;0
Branch976;7_CaiLon_BCM;0
Branch977;7_CaiLon_BCM;0
Branch978;7_CaiLon_BCM;0
Branch979;7_CaiLon_BCM;0
Branch980;7_CaiLon_BCM;0
Branch981;7_CaiLon_BCM;0
Branch982;7_CaiLon_BCM;0
Branch983;7_CaiLon_BCM;0
Branch984;7_CaiLon_BCM;0
Branch985;7_CaiLon_BCM;0
Branch987;7_CaiLon_BCM;0
Branch988;7_CaiLon_BCM;0
Branch989;7_CaiLon_BCM;0
Branch990;7_CaiLon_BCM;0
Branch991;7_CaiLon_BCM;0
Branch992;7_CaiLon_BCM;0
Branch993;7_CaiLon_BCM;0
Branch994;7_CaiLon_BCM;0
Branch995;7_CaiLon_BCM;0
Branch996;7_CaiLon_BCM;0
Branch997;7_CaiLon_BCM;0
Branch998;7_CaiLon_BCM;0
Branch999;7_CaiLon_BCM;0
Bui Moi;2_DTM;1
Bung Coc;6_QLPH_LongPhu;2
Bung Tuc;6_QLPH_LongPhu;2
BungLon;5_OMonXaNo;1
Bung_Binh_Thien_Lon;9_KHAC;-1
C01;4_NamMangThit;10
C02;4_NamMangThit;11
C03;4_NamMangThit;9
C04;4_NamMangThit;8
C05;4_NamMangThit;9
C06;4_NamMangThit;7
C07;4_NamMangThit;6
C08;4_NamMangThit;5
C09;4_NamMangThit;6
C10;4_NamMangThit;4
C11;4_NamMangThit;3
C12;4_NamMangThit;1
C13;4_NamMangThit;1
C14;4_NamMangThit;0
C15;4_NamMangThit;0
C16;4_NamMangThit;0
C17;4_NamMangThit;0
C18;4_NamMangThit;0
C19;4_NamMangThit;0
C20;4_NamMangThit;0
C21;4_NamMangThit;0
C22;4_NamMangThit;0
C23;4_NamMangThit;0
C24;4_NamMangThit;0
C25;4_NamMangThit;0
C26;4_NamMangThit;1
C27;4_NamMangThit;1
C28;9_KHAC;-1
C29;4_NamMangThit;2
C30;9_KHAC;-1
C31;9_KHAC;-1
C32;9_KHAC;-1
C33;9_KHAC;-1
C34;9_KHAC;-1
C35;4_NamMangThit;3
C36;4_NamMangThit;2
C37;4_NamMangThit;3
C38;4_NamMangThit;4
C39;4_NamMangThit;4
C40;4_NamMangThit;4
C41;4_NamMangThit;2
C42;4_NamMangThit;3
C43;4_NamMangThit;7
CAIHOP;4_NamMangThit;2
CAISONBABONGONG;5_OMonXaNo;2
CANCHONG;4_NamMangThit;2
CC4;6_QLPH_LongPhu;1
CDXDong;6_QLPH_LongPhu;3
CG11_16;3_CuLaoTien;1
CG17_18;3_CuLaoTien;3
CHUVANG1;1_TGLX;2
CHUVANG2;1_TGLX;4
CM03_04;7_CaiLon_BCM;0
CM11;7_CaiLon_BCM;0
CM16_17;7_CaiLon_BCM;0
CM18_19;7_CaiLon_BCM;0
CM20_21;7_CaiLon_BCM;0
CM42_43;7_CaiLon_BCM;0
CM59_60;7_CaiLon_BCM;0
CMP_Cai Bat;7_CaiLon_BCM;2
CMP_Cai Tac;6_QLPH_LongPhu;1
CMP_Moi;6_QLPH_LongPhu;2
CMP_Moi1;5_OMonXaNo;1
CMP_Moi2;6_QLPH_LongPhu;3
CMP_Muong Khai;6_QLPH_LongPhu;2
CMP_Nang Mau 2;7_CaiLon_BCM;1
CMP_Ngang;5_OMonXaNo;2
CMP_Nha Tho;6_QLPH_LongPhu;3
CMP_Tam Ngan;1_TGLX;0
CMy_CN;7_CaiLon_BCM;1
CSNTung;6_QLPH_LongPhu;3
CXNRo1;6_QLPH_LongPhu;1
Ca Bau;7_CaiLon_BCM;1
Ca Duc;2_DTM;1
Ca Gua;2_DTM;2
Ca Mau;7_CaiLon_BCM;4
Ca Mau 1;1_TGLX;2
Ca Mau 2;1_TGLX;2
Ca Mau 4;1_TGLX;2
Ca Mau BL;6_QLPH_LongPhu;1
Ca Mau11;7_CaiLon_BCM;1
Ca Mon;2_DTM;1
Ca Nhip;2_DTM;1
Ca Ro;3_CuLaoTien;1
Ca Vinh;6_QLPH_LongPhu;2
Cai Bat;2_DTM;1
Cai Bat cau;2_DTM;1
Cai Be;7_CaiLon_BCM;0
Cai Beo;7_CaiLon_BCM;0
Cai Cai;2_DTM;1
Cai Cai cau;2_DTM;1
Cai Cau;6_QLPH_LongPhu;2
Cai Co LK;2_DTM;1
Cai Con;6_QLPH_LongPhu;0
Cai Con Be;6_QLPH_LongPhu;0
Cai Cui;5_OMonXaNo;4
Cai Da;5_OMonXaNo;2
Cai Dia;5_OMonXaNo;2
Cai Lon;7_CaiLon_BCM;0
Cai Muon;5_OMonXaNo;4
Cai Nhum;5_OMonXaNo;2
Cai Rung;2_DTM;1
Cai Sach;2_DTM;1
Cai San;1_TGLX;1
Cai Tac;9_KHAC;-1
Cai Tat;5_OMonXaNo;3
Cai Tau;7_CaiLon_BCM;0
Cai Tau Thuong;7_CaiLon_BCM;0
Cai Trau;6_QLPH_LongPhu;1
Cai Trau NG;6_QLPH_LongPhu;1
Cai Xu;7_CaiLon_BCM;1
Cai co LK cau;3_CuLaoTien;1
CaiBe_TG;2_DTM;1
CaiBongR;7_CaiLon_BCM;1
CaiNho;7_CaiLon_BCM;1
CaiNho_1;7_CaiLon_BCM;3
CaiNhum;4_NamMangThit;1
CaiNuoc2;7_CaiLon_BCM;1
CaiNuocRiver;7_CaiLon_BCM;1
Caisao_cr;4_NamMangThit;1
Caitongphi_Cr;4_NamMangThit;2
Can Gao;1_TGLX;1
Can Lo;2_DTM;1
Can Thao;1_TGLX;1
Can Tho HH;7_CaiLon_BCM;3
CanLoc;3_CuLaoTien;1
Can_Tho;5_OMonXaNo;1
Cao Lanh;2_DTM;2
Cau Lam;5_OMonXaNo;1
Cau Sao;2_DTM;2
Cau So 2;1_TGLX;1
Cau So 3;1_TGLX;1
Cau So 9;1_TGLX;1
Cau Tre;1_TGLX;1
CauNhiemriver_1;5_OMonXaNo;2
CauNhiemriver_2;5_OMonXaNo;2
Cau_Ke;4_NamMangThit;3
Cay Bang;6_QLPH_LongPhu;2
Cay Cong;6_QLPH_LongPhu;1
Cay Giua;6_QLPH_LongPhu;2
Cay Gua;6_QLPH_LongPhu;2
Cay Gua1;6_QLPH_LongPhu;2
Cay Me;7_CaiLon_BCM;1
CayNhum;7_CaiLon_BCM;1
Cha Va;7_CaiLon_BCM;2
Chac Bang;7_CaiLon_BCM;1
Chac Ca Dao;1_TGLX;1
ChauDoc-Channel;9_KHAC;-1
ChemZ_278;7_CaiLon_BCM;0
ChemZ_279;7_CaiLon_BCM;0
ChemZ_280;7_CaiLon_BCM;0
ChemZ_281;7_CaiLon_BCM;0
ChemZ_282;7_CaiLon_BCM;0
ChemZ_283;7_CaiLon_BCM;0
ChemZ_284;7_CaiLon_BCM;0
ChemZ_285;7_CaiLon_BCM;0
ChemZ_286;7_CaiLon_BCM;0
ChemZ_287;7_CaiLon_BCM;0
ChemZ_288;7_CaiLon_BCM;0
ChemZ_289;7_CaiLon_BCM;0
ChemZ_290;7_CaiLon_BCM;0
ChemZ_291;7_CaiLon_BCM;0
ChemZ_292;7_CaiLon_BCM;0
ChemZ_293;7_CaiLon_BCM;0
ChemZ_294;7_CaiLon_BCM;0
ChemZ_295;7_CaiLon_BCM;0
ChemZ_296;7_CaiLon_BCM;0
ChemZ_297;7_CaiLon_BCM;0
ChemZ_298;7_CaiLon_BCM;0
ChemZ_299;7_CaiLon_BCM;0
ChemZ_300;7_CaiLon_BCM;0
ChemZ_301;7_CaiLon_BCM;0
ChemZ_302;7_CaiLon_BCM;0
ChemZ_303;7_CaiLon_BCM;0
ChemZ_304;7_CaiLon_BCM;0
ChemZ_305;7_CaiLon_BCM;0
ChemZ_306;7_CaiLon_BCM;0
ChemZ_307;7_CaiLon_BCM;0
ChemZ_308;7_CaiLon_BCM;0
ChemZ_309;7_CaiLon_BCM;0
ChemZ_310;7_CaiLon_BCM;0
ChemZ_311;7_CaiLon_BCM;0
ChemZ_312;7_CaiLon_BCM;0
ChemZ_313;7_CaiLon_BCM;0
ChemZ_314;7_CaiLon_BCM;0
ChemZ_315;7_CaiLon_BCM;0
ChemZ_316;7_CaiLon_BCM;0
ChemZ_317;7_CaiLon_BCM;0
ChemZ_318;7_CaiLon_BCM;0
ChemZ_319;7_CaiLon_BCM;0
ChemZ_320;7_CaiLon_BCM;0
ChemZ_321;7_CaiLon_BCM;0
ChemZ_322;7_CaiLon_BCM;0
ChemZ_323;7_CaiLon_BCM;0
ChemZ_324;7_CaiLon_BCM;0
ChemZ_325;7_CaiLon_BCM;0
ChemZ_326;7_CaiLon_BCM;0
ChemZ_327;7_CaiLon_BCM;0
ChemZ_328;7_CaiLon_BCM;0
ChemZ_329;7_CaiLon_BCM;0
ChemZ_330;7_CaiLon_BCM;0
ChemZ_331;7_CaiLon_BCM;0
ChemZ_332;7_CaiLon_BCM;0
ChemZ_333;7_CaiLon_BCM;0
ChemZ_334;7_CaiLon_BCM;0
ChemZ_335;7_CaiLon_BCM;0
ChemZ_336;7_CaiLon_BCM;0
ChemZ_337;7_CaiLon_BCM;0
ChemZ_338;7_CaiLon_BCM;0
ChemZ_339;7_CaiLon_BCM;0
ChemZ_340;7_CaiLon_BCM;0
ChemZ_341;7_CaiLon_BCM;0
ChemZ_342;7_CaiLon_BCM;0
ChemZ_343;7_CaiLon_BCM;0
ChemZ_344;7_CaiLon_BCM;0
ChemZ_345;7_CaiLon_BCM;0
ChemZ_346;7_CaiLon_BCM;0
ChemZ_347;7_CaiLon_BCM;0
ChemZ_348;7_CaiLon_BCM;0
ChemZ_349;7_CaiLon_BCM;0
Chien Luy;6_QLPH_LongPhu;1
Chin Co;6_QLPH_LongPhu;2
Cho Bung;2_DTM;1
Cho Cu;6_QLPH_LongPhu;2
Cho Cu1;6_QLPH_LongPhu;2
Cho Gao;3_CuLaoTien;1
Chom Tre;6_QLPH_LongPhu;2
Chong Chac;6_QLPH_LongPhu;3
ChongMy;7_CaiLon_BCM;1
ChuSuc;4_NamMangThit;3
Co Ba;5_OMonXaNo;4
Co Tay;6_QLPH_LongPhu;1
Co Thien;6_QLPH_LongPhu;2
CoChien;0_TRUC;0
CoChien_1;0_TRUC;0
CoChien_2;0_TRUC;0
CoChien_3;0_TRUC;0
CoChien_4;0_TRUC;0
Cong Da;6_QLPH_LongPhu;1
Cong Dien;6_QLPH_LongPhu;1
Cong Dien Tren;6_QLPH_LongPhu;1
Cong Doi;6_QLPH_LongPhu;1
CongNghiep;7_CaiLon_BCM;1
Costanen;6_QLPH_LongPhu;2
Cu Chi;2_DTM;1
CuaCoChien;0_TRUC;0
CuaCungHau;0_TRUC;0
CuaDai;0_TRUC;0
CuaDai_1;0_TRUC;0
CuaDai_2;0_TRUC;0
CuaDai_3;0_TRUC;0
CuaDinhAn;0_TRUC;0
CuaTieu;0_TRUC;0
CuaTranDe;0_TRUC;0
Dai Ngai;6_QLPH_LongPhu;1
DamThiTuong;7_CaiLon_BCM;1
Dan Quan;6_QLPH_LongPhu;2
Dao;1_TGLX;1
Dap Da;1_TGLX;2
Dap Tha La;1_TGLX;0
Dap Tra Su;1_TGLX;0
De Nman;1_TGLX;2
Dia Chuoi;6_QLPH_LongPhu;2
Dinh;6_QLPH_LongPhu;2
Doan ket;5_OMonXaNo;2
Dong Binh;5_OMonXaNo;2
Dong Da;6_QLPH_LongPhu;2
Dong Lon;6_QLPH_LongPhu;1
Dong Tien;2_DTM;0
Dong Tien3;2_DTM;0
DongDaTN;6_QLPH_LongPhu;1
DongThang;4_NamMangThit;3
Dua_do_Creck;4_NamMangThit;3
Dung;5_OMonXaNo;1
Duong Hoa LT;7_CaiLon_BCM;2
Duong Lang;6_QLPH_LongPhu;1
Duong Mon;6_QLPH_LongPhu;1
Duong Thet;2_DTM;1
DuongThet;5_OMonXaNo;1
DuongXuong1;7_CaiLon_BCM;1
DuongXuong2;7_CaiLon_BCM;2
GCCKet;6_QLPH_LongPhu;2
GO12_170;7_CaiLon_BCM;0
GO134_140;7_CaiLon_BCM;0
GO13_33;7_CaiLon_BCM;0
GO14_15;7_CaiLon_BCM;0
GO162_163;7_CaiLon_BCM;0
GO168_169;7_CaiLon_BCM;0
GO27_28;7_CaiLon_BCM;0
GO28_38;7_CaiLon_BCM;1
GO29_30;7_CaiLon_BCM;0
GO69_70;7_CaiLon_BCM;0
GO73_75;7_CaiLon_BCM;0
GOCAT-HOCLUU;2_DTM;1
GO_01_02;7_CaiLon_BCM;1
GO_04_05;7_CaiLon_BCM;1
GO_06_12;3_CuLaoTien;2
GO_08;7_CaiLon_BCM;1
Ganh Hao;7_CaiLon_BCM;0
Gia Hoang;5_OMonXaNo;2
Giai Phong;1_TGLX;2
Giai Phong1;3_CuLaoTien;2
Giai Phong2;6_QLPH_LongPhu;2
Giang Thanh;1_TGLX;0
Giao Hoa;3_CuLaoTien;1
Giong Cam;3_CuLaoTien;2
Giong_trom1;4_NamMangThit;1
Giua;7_CaiLon_BCM;1
Goc;6_QLPH_LongPhu;2
H7;1_TGLX;1
H9;1_TGLX;1
HAMGIANG;4_NamMangThit;3
HANGMAI;7_CaiLon_BCM;2
HB Hnho;6_QLPH_LongPhu;2
HL-Cdao;6_QLPH_LongPhu;1
HTTNghia;6_QLPH_LongPhu;1
Ha Giang;1_TGLX;1
Hai Phac;6_QLPH_LongPhu;2
Ham Luong;0_TRUC;0
Ham Luong1;0_TRUC;0
HamLuong_1;0_TRUC;0
HamLuong_2;0_TRUC;0
HamLuong_3;0_TRUC;0
HamLuong_4;0_TRUC;0
HamLuong_5;0_TRUC;0
HamLuong_6;0_TRUC;0
HangXoai;5_OMonXaNo;2
Hanh Gon;6_QLPH_LongPhu;2
Hau;5_OMonXaNo;1
Hau Boi;1_TGLX;2
Hau BoiTN;6_QLPH_LongPhu;2
Hau Giang 3;3_CuLaoTien;1
Hau_1;0_TRUC;0
Hau_10;0_TRUC;0
Hau_11;0_TRUC;0
Hau_2;0_TRUC;0
Hau_3;0_TRUC;0
Hau_4;0_TRUC;0
Hau_5;0_TRUC;0
Hau_6;0_TRUC;0
Hau_7;0_TRUC;0
Hau_8;0_TRUC;0
Hau_9;0_TRUC;0
Hhao Dao;6_QLPH_LongPhu;2
Hoa Binh;2_DTM;1
Hoa Hung;6_QLPH_LongPhu;2
Hoc Hoa;7_CaiLon_BCM;1
Hoi Dong Tuong;2_DTM;2
Hon Soc;1_TGLX;1
Hong Ngu;2_DTM;0
Hong Ngu Cr;2_DTM;0
Hong Ngu R;2_DTM;0
Hphu Giua;6_QLPH_LongPhu;2
Hung Dien;2_DTM;1
Hung Dien cau;2_DTM;1
Huynh Yeu;6_QLPH_LongPhu;2
K 8000;6_QLPH_LongPhu;2
K 96-Long Hung;6_QLPH_LongPhu;1
K 96LHung;6_QLPH_LongPhu;1
K. 14-9;6_QLPH_LongPhu;1
K. 14-91;6_QLPH_LongPhu;2
K. 30Thu8Thu9;1_TGLX;5
K. 30Thu8XeoBan;1_TGLX;4
K. 30Thu9Thu10;1_TGLX;4
K. 30XeoBanXeoQuao;1_TGLX;4
K. 30XeoNgat;1_TGLX;4
K. 30XeoNgatThu10;1_TGLX;4
K. An No;6_QLPH_LongPhu;2
K. Ba Xam _Goi_1;6_QLPH_LongPhu;2
K. Ba Xam _Goi_2;6_QLPH_LongPhu;1
K. Ba Xam _Goi_3;6_QLPH_LongPhu;1
K. Ba Xam _Goi_4;6_QLPH_LongPhu;1
K. Ba Xam _Goi_5;6_QLPH_LongPhu;1
K. Bao Bien;6_QLPH_LongPhu;2
K. Bien Nhi;7_CaiLon_BCM;2
K. CCC4;6_QLPH_LongPhu;2
K. Cai Cung;7_CaiLon_BCM;1
K. Cai Keo;7_CaiLon_BCM;1
K. Cai Xe_Ngan Ro;6_QLPH_LongPhu;1
K. Cay Bong;7_CaiLon_BCM;1
K. Chua Phat;7_CaiLon_BCM;1
K. Dong Cung;7_CaiLon_BCM;1
K. DuongRung;1_TGLX;6
K. DuongRung1;1_TGLX;6
K. Hai Sen;7_CaiLon_BCM;1
K. Hang;1_TGLX;2
K. Ho Phong;7_CaiLon_BCM;1
K. Hoa Phu;7_CaiLon_BCM;1
K. Kiem Lam;1_TGLX;2
K. Kim Quy;1_TGLX;2
K. Lam Khiet;7_CaiLon_BCM;1
K. Lang Thu 7;1_TGLX;1
K. Lang Tram;6_QLPH_LongPhu;1
K. Lo Xe;7_CaiLon_BCM;1
K. Lo Xe 1;7_CaiLon_BCM;1
K. Muong Dao1;1_TGLX;4
K. MuongDao;1_TGLX;3
K. Nang Ren;6_QLPH_LongPhu;1
K. Ngan Dua - BL1;6_QLPH_LongPhu;1
K. Ngan Dua - BL2;6_QLPH_LongPhu;1
K. Ong Don;7_CaiLon_BCM;1
K. Phong Thanh Tay;6_QLPH_LongPhu;1
K. Ranh;1_TGLX;1
K. Sau Sanh;1_TGLX;2
K. So Khong;7_CaiLon_BCM;1
K. Tac Van;7_CaiLon_BCM;0
K. Tam Ngan;1_TGLX;0
K. Tan Phong;6_QLPH_LongPhu;1
K. TanThanh_TacVan;6_QLPH_LongPhu;1
K. Thuyloi2;1_TGLX;5
K. Tong Cang_1;6_QLPH_LongPhu;1
K. Tong Cang_2;6_QLPH_LongPhu;1
K. Truong Toa;1_TGLX;2
K. Vinh Loc 1;6_QLPH_LongPhu;1
K. Vinh Loc 2;6_QLPH_LongPhu;1
K. Vinh Loi 1;6_QLPH_LongPhu;1
K. Vinh Loi 2;6_QLPH_LongPhu;1
K. Vinh My ngoai;7_CaiLon_BCM;1
K. Xang;6_QLPH_LongPhu;2
K. Xeo Can;7_CaiLon_BCM;1
K. Xeo Doi;1_TGLX;4
K. Xeo Doi1;1_TGLX;6
K. Xeo La;1_TGLX;2
K. Xeo Nhao;1_TGLX;2
K. Xeo Vet;1_TGLX;4
K. Xeo Vet1;1_TGLX;6
K. XeoBa5 Nhu;1_TGLX;4
K.1;7_CaiLon_BCM;2
K.1-5;7_CaiLon_BCM;2
K.1-6;6_QLPH_LongPhu;1
K.13;6_QLPH_LongPhu;4
K.19/5;6_QLPH_LongPhu;2
K.2;6_QLPH_LongPhu;3
K.2-9;6_QLPH_LongPhu;2
K.30-4;7_CaiLon_BCM;3
K.AnTho;3_CuLaoTien;3
K.AnTho1;3_CuLaoTien;4
K.AnThuy3;3_CuLaoTien;4
K.BChau;3_CuLaoTien;1
K.BS-Thnhat10;3_CuLaoTien;4
K.BS-Thnhat11;3_CuLaoTien;4
K.BS-Thnhat12;3_CuLaoTien;4
K.BS-Thnhat3;3_CuLaoTien;3
K.BS-Thnhat4;3_CuLaoTien;3
K.BS-Thnhat6;3_CuLaoTien;4
K.BS-thanhnhat1;3_CuLaoTien;3
K.BaBeo;6_QLPH_LongPhu;1
K.BaBeo1;6_QLPH_LongPhu;2
K.BaBeo2;6_QLPH_LongPhu;2
K.BaLo;3_CuLaoTien;2
K.BaThuoc_1;7_CaiLon_BCM;3
K.BaThuoc_2;7_CaiLon_BCM;4
K.BacLieuDiVinhChau;6_QLPH_LongPhu;3
K.BacPhen;4_NamMangThit;2
K.BinhLong;3_CuLaoTien;3
K.BoDay;3_CuLaoTien;4
K.BongKien;6_QLPH_LongPhu;3
K.ChetBuoi;7_CaiLon_BCM;4
K.Chua;7_CaiLon_BCM;4
K.CongDoan;7_CaiLon_BCM;3
K.CongNghiep;7_CaiLon_BCM;4
K.Cung;3_CuLaoTien;3
K.DCThong;3_CuLaoTien;2
K.DaiTruong;4_NamMangThit;2
K.DanQuan(MuiChui);7_CaiLon_BCM;4
K.DuongXuong;7_CaiLon_BCM;2
K.GIUAXEOQUAN_XEOQUAO;1_TGLX;4
K.GiayLang-BungTum;6_QLPH_LongPhu;3
K.HPhu-Hquoi;3_CuLaoTien;3
K.HaiSuong;6_QLPH_LongPhu;2
K.HaiVe;3_CuLaoTien;2
K.HoaThanh;7_CaiLon_BCM;1
K.Hoai-Belan;3_CuLaoTien;2
K.Kchien1;3_CuLaoTien;3
K.Kchien2;3_CuLaoTien;4
K.Kchien3;3_CuLaoTien;4
K.Kchien4;3_CuLaoTien;4
K.Kchien5;3_CuLaoTien;4
K.LHai;3_CuLaoTien;4
K.LangTuong;3_CuLaoTien;3
K.LienHong;3_CuLaoTien;3
K.Lienxa;3_CuLaoTien;2
K.Lo;6_QLPH_LongPhu;4
K.LoBac;3_CuLaoTien;2
K.LoMe;3_CuLaoTien;3
K.LuBu-BungTum;6_QLPH_LongPhu;3
K.MaXaHai;6_QLPH_LongPhu;2
K.MieuOngTa1;7_CaiLon_BCM;1
K.MieuOngTa2;7_CaiLon_BCM;2
K.MieuOngTa3;7_CaiLon_BCM;1
K.MieuOngTa4;7_CaiLon_BCM;2
K.MieuOngTa5;7_CaiLon_BCM;1
K.MieuOngTa_1;7_CaiLon_BCM;3
K.MieuOngTa_2;6_QLPH_LongPhu;2
K.MieuOngTa_3;6_QLPH_LongPhu;2
K.Moi;7_CaiLon_BCM;1
K.NamCan-LaiHoa;6_QLPH_LongPhu;2
K.NamLe;3_CuLaoTien;3
K.NamSon;3_CuLaoTien;3
K.NamTinh;3_CuLaoTien;2
K.Ngang;2_DTM;2
K.NguyenLong1;3_CuLaoTien;4
K.NoiCLCB;7_CaiLon_BCM;1
K.OngCa;7_CaiLon_BCM;2
K.OngMan;6_QLPH_LongPhu;2
K.OngTa1;6_QLPH_LongPhu;3
K.OngTa2;6_QLPH_LongPhu;2
K.PVChop;3_CuLaoTien;2
K.PhanKhoanh;7_CaiLon_BCM;2
K.R.Trai;7_CaiLon_BCM;4
K.RachLa;3_CuLaoTien;2
K.Rachlon-2;3_CuLaoTien;3
K.RanhKh-Kt;7_CaiLon_BCM;3
K.So3;3_CuLaoTien;3
K.SuonVinhHai;6_QLPH_LongPhu;3
K.T1_TG;2_DTM;2
K.T2_TG;2_DTM;2
K.TThon;7_CaiLon_BCM;2
K.TanDinh;6_QLPH_LongPhu;2
K.ThoiThuy1;7_CaiLon_BCM;2
K.ThoiThuy2;7_CaiLon_BCM;2
K.ThongNhat;7_CaiLon_BCM;2
K.Thu5_1;1_TGLX;4
K.Thu5_2;1_TGLX;4
K.ThuyLoi;6_QLPH_LongPhu;2
K.TienAp;3_CuLaoTien;3
K.TraCuong;4_NamMangThit;1
K.TuMinh;3_CuLaoTien;3
K.TuTrinh1;3_CuLaoTien;2
K.Vach;3_CuLaoTien;4
K.VinhChau;6_QLPH_LongPhu;3
K.VinhChau-CoCo;6_QLPH_LongPhu;2
K.XaDat_1;6_QLPH_LongPhu;3
K.XaDat_2;6_QLPH_LongPhu;3
K.nguyenLong;3_CuLaoTien;3
K10;2_DTM;1
K10 AG;1_TGLX;1
K10000;6_QLPH_LongPhu;2
K12;2_DTM;1
K195_6;2_DTM;2
K2-9;2_DTM;1
K2-9 cau;2_DTM;1
K28;2_DTM;0
K28 cau;2_DTM;0
K285;2_DTM;0
K286;2_DTM;0
K30-4;3_CuLaoTien;1
K307;2_DTM;1
K5;2_DTM;1
K6;2_DTM;1
K61;2_DTM;2
K7;2_DTM;1
K7 AG;1_TGLX;1
K7-2;2_DTM;1
K7000;6_QLPH_LongPhu;2
K79;2_DTM;1
K8;2_DTM;1
K8000;5_OMonXaNo;1
K80001;6_QLPH_LongPhu;2
K9;2_DTM;1
K9 AG;1_TGLX;1
KA;1_TGLX;1
KB;7_CaiLon_BCM;2
KBINHTAM;3_CuLaoTien;1
KCANHDENPHOSINH;6_QLPH_LongPhu;1
KCHOGIUA;3_CuLaoTien;1
KCHOHOIHUYENSU;6_QLPH_LongPhu;1
KCHOHOIHUYENSU2;6_QLPH_LongPhu;1
KDOCLAP;7_CaiLon_BCM;1
KENGCHONGMY;7_CaiLon_BCM;1
KENH3-2;4_NamMangThit;2
KENH5APTY;1_TGLX;2
KENHBACM;1_TGLX;1
KENHBANGANDAI;1_TGLX;2
KENHBAYQUYENKG;1_TGLX;3
KENHBOBAO;7_CaiLon_BCM;1
KENHBONMUOI;7_CaiLon_BCM;2
KENHBONTHUOC;1_TGLX;2
KENHCAYKE;1_TGLX;2
KENHCHONGMY;1_TGLX;3
KENHCHONGMY1;7_CaiLon_BCM;2
KENHCOINAM2;7_CaiLon_BCM;2
KENHDUONGSAN;1_TGLX;2
KENHHANGMAI;7_CaiLon_BCM;1
KENHKIEMKG1;1_TGLX;1
KENHKIMQUYKG2;1_TGLX;2
KENHKIMQUYUM;1_TGLX;4
KENHKLUM;1_TGLX;2
KENHLOMOIKG1;1_TGLX;3
KENHLOMOIKG2;1_TGLX;3
KENHLOMOIKG3;1_TGLX;3
KENHMIEUONGTA;7_CaiLon_BCM;2
KENHMOI;7_CaiLon_BCM;2
KENHMUOIQUANG;1_TGLX;2
KENHNOIAB3;1_TGLX;2
KENHNOIHMBN;7_CaiLon_BCM;3
KENHNOIMINHHA2;7_CaiLon_BCM;1
KENHNOITVT4;7_CaiLon_BCM;1
KENHNOIUM1;1_TGLX;4
KENHNOIUM2;1_TGLX;4
KENHNOIUM3;1_TGLX;4
KENHNOIUM4;1_TGLX;4
KENHONGDOC;7_CaiLon_BCM;2
KENHPHANLINH;1_TGLX;2
KENHPHANLINH2;1_TGLX;2
KENHSOKHONG;7_CaiLon_BCM;1
KENHSOKHONG2;7_CaiLon_BCM;1
KENHSOMUOIMOT2;7_CaiLon_BCM;1
KENHTAYSON;7_CaiLon_BCM;2
KENHTG1;3_CuLaoTien;1
KENHTG2;2_DTM;1
KENHTG4;2_DTM;1
KENHTG5;2_DTM;1
KENHTG6;2_DTM;2
KENHTHUBA1;1_TGLX;4
KENHTHUBA2;1_TGLX;4
KENHTHUBA3;1_TGLX;2
KENHTHUBA4;1_TGLX;3
KENHTHUHAI1;1_TGLX;4
KENHTHUHAI2;1_TGLX;4
KENHTHUHAI3;1_TGLX;2
KENHTHUNAM1;1_TGLX;4
KENHTHUNAM2;1_TGLX;4
KENHTHUSAU1;1_TGLX;4
KENHTHUSAU2;1_TGLX;4
KENHTHUTU1;1_TGLX;4
KENHTHUTU2;1_TGLX;4
KENHTOICANH;1_TGLX;3
KENHTUDUONG1;7_CaiLon_BCM;2
KENHTUOITRE2;1_TGLX;2
KENHUMINH;1_TGLX;3
KENHUMINH2;1_TGLX;3
KENHUMINH3;1_TGLX;5
KENHUMINH4;1_TGLX;5
KF;1_TGLX;1
KG03_04;7_CaiLon_BCM;1
KG19_20;7_CaiLon_BCM;1
KG81_82;7_CaiLon_BCM;1
KH;1_TGLX;1
KH1;1_TGLX;2
KH12;7_CaiLon_BCM;1
KH3;1_TGLX;2
KH51;7_CaiLon_BCM;1
KH52;7_CaiLon_BCM;1
KH6;7_CaiLon_BCM;1
KH62;7_CaiLon_BCM;1
KH7;7_CaiLon_BCM;1
KH8;5_OMonXaNo;1
KH9;5_OMonXaNo;2
KH92;7_CaiLon_BCM;1
KKYSON;3_CuLaoTien;1
KMoiCM;7_CaiLon_BCM;1
KODCC_1;2_DTM;2
KONGRONGTUONG;5_OMonXaNo;2
KQUANTHOTG;2_DTM;1
KTAMVU;3_CuLaoTien;1
KTHOMAIDONGCUNG;7_CaiLon_BCM;1
KVINHMYPHUOCLONG;6_QLPH_LongPhu;1
KVINHMYPHUOCLONG1;6_QLPH_LongPhu;1
K_LoDa1;2_DTM;2
K_LoDa2;2_DTM;2
K_Lotong;2_DTM;1
K_Mieudien;2_DTM;1
K_Vanhdai;2_DTM;1
KaDam1;7_CaiLon_BCM;1
Kenh 20;7_CaiLon_BCM;1
Kenh T3;1_TGLX;0
Kenh T4;1_TGLX;0
Kenh T5;1_TGLX;0
Kenh T6;1_TGLX;0
Kenh T6 ND;1_TGLX;0
Kenh T6 moi;1_TGLX;0
Kenh20-7;2_DTM;2
Kenh5;3_CuLaoTien;1
Kenh6;3_CuLaoTien;1
KenhDay;5_OMonXaNo;2
KenhGiua_1;5_OMonXaNo;1
KenhGiua_2;7_CaiLon_BCM;2
KenhHuyen;3_CuLaoTien;3
KenhMuoiHai_1;5_OMonXaNo;1
KenhMuoiHai_2;5_OMonXaNo;2
KenhMuoiThuoc;5_OMonXaNo;1
KenhN4;3_CuLaoTien;3
KenhN5;3_CuLaoTien;3
KenhN7;3_CuLaoTien;3
KenhRanh(4000)_1;5_OMonXaNo;1
KenhRanh(4000)_2;7_CaiLon_BCM;2
KenhRanh(4000)_3;5_OMonXaNo;2
KenhRanhTinh;5_OMonXaNo;2
KenhT1;3_CuLaoTien;3
KenhT3;3_CuLaoTien;3
KenhT5;3_CuLaoTien;2
KenhTac;5_OMonXaNo;1
Kenh_118;4_NamMangThit;3
Kenh_16;4_NamMangThit;2
Kenh_30-4;3_CuLaoTien;1
Kenh_Bong_Sung;7_CaiLon_BCM;3
Kenh_Cung;2_DTM;2
Kenh_Lo;5_OMonXaNo;1
Kenh_Nga_Cay;5_OMonXaNo;3
Kenh_Pham_Hung;2_DTM;2
Kenh_Rao_Can;7_CaiLon_BCM;4
Kenh_Xeo_Vuong;6_QLPH_LongPhu;1
Khang Chien;2_DTM;1
Khang Chien cau;2_DTM;1
Khao Dien;6_QLPH_LongPhu;1
KhoenAXay;7_CaiLon_BCM;1
Khong ten;6_QLPH_LongPhu;2
Khong ten1;1_TGLX;2
Kien Binh;1_TGLX;1
Kien Hao CNG;1_TGLX;1
Kinh 5;7_CaiLon_BCM;1
KinhThay;5_OMonXaNo;2
L611;5_OMonXaNo;1
L612;5_OMonXaNo;1
LANGSAC_CANAL;4_NamMangThit;1
LONG_HIEPCR;4_NamMangThit;2
LTNang;5_OMonXaNo;2
LTTRAN1;7_CaiLon_BCM;1
LTTRAN2;7_CaiLon_BCM;1
LTruong2;3_CuLaoTien;2
LUNGROGHE1;1_TGLX;4
LUNGROGHE2;1_TGLX;3
LUNGROGHE3;1_TGLX;3
LaGhi;4_NamMangThit;3
Lai Hieu;5_OMonXaNo;1
Lai Viet;6_QLPH_LongPhu;1
Lam Tra;6_QLPH_LongPhu;1
Lang;6_QLPH_LongPhu;1
Lang Sen;6_QLPH_LongPhu;2
Lap Vo;7_CaiLon_BCM;1
Lau Bang;6_QLPH_LongPhu;2
LauQuocGia;7_CaiLon_BCM;1
Le Le;6_QLPH_LongPhu;2
Lo Ca Lam A;6_QLPH_LongPhu;2
Lo Chat Dot;6_QLPH_LongPhu;1
Lo Moi;2_DTM;1
Lo Xe;1_TGLX;2
LoCayBuoi;3_CuLaoTien;3
LoXe3;7_CaiLon_BCM;1
LoXeMoi;7_CaiLon_BCM;2
Lodua1;3_CuLaoTien;2
Lodua2;2_DTM;2
Long An;7_CaiLon_BCM;1
Long Dieu;5_OMonXaNo;2
Long My 1;3_CuLaoTien;1
Long My 2;3_CuLaoTien;1
LongHo;4_NamMangThit;2
LongMy2;3_CuLaoTien;1
Lung Lon;1_TGLX;1
Lung Lon 2;1_TGLX;2
Lung Quoc;6_QLPH_LongPhu;1
Lung Sen;6_QLPH_LongPhu;3
LungBaoChua;6_QLPH_LongPhu;1
LungRanh;7_CaiLon_BCM;4
Luynh Huynh;1_TGLX;1
MAYTUC;4_NamMangThit;3
MCC01_19;4_NamMangThit;0
MINHHA;7_CaiLon_BCM;1
MIT13_14;4_NamMangThit;3
MTMHac;6_QLPH_LongPhu;3
MTT04;4_NamMangThit;1
MTT37;4_NamMangThit;2
MTaLiem;6_QLPH_LongPhu;2
MYVAN;4_NamMangThit;2
Mac Can Dung;1_TGLX;1
Mac Day;6_QLPH_LongPhu;2
Mai Dam;5_OMonXaNo;2
Mang Thit;4_NamMangThit;0
Mareng;3_CuLaoTien;1
Mieu Hoi;6_QLPH_LongPhu;2
Mo Cay;4_NamMangThit;1
Moi;1_TGLX;1
MoiQLPH;6_QLPH_LongPhu;0
Mot Ngan;5_OMonXaNo;1
MotNgan_1;5_OMonXaNo;2
MotNgan_2;5_OMonXaNo;1
Muoi Chau Phu;1_TGLX;2
Muoi Thuoc;7_CaiLon_BCM;1
MuoiThuoc;5_OMonXaNo;1
Muong Dieu;6_QLPH_LongPhu;2
Muong Khai;7_CaiLon_BCM;2
Muong Lo2;6_QLPH_LongPhu;2
MuongDaoR;7_CaiLon_BCM;1
Muong_So_5;9_KHAC;-1
My Hoi;6_QLPH_LongPhu;2
My Hung;6_QLPH_LongPhu;1
My Long BK;2_DTM;1
My Thai;1_TGLX;1
My Thanh;6_QLPH_LongPhu;2
My Thuan;6_QLPH_LongPhu;1
NDThongLuu;6_QLPH_LongPhu;1
NGAHAU;4_NamMangThit;2
NGBXau;6_QLPH_LongPhu;2
NNLon;6_QLPH_LongPhu;2
NTL 10000;7_CaiLon_BCM;0
NTL 11000;7_CaiLon_BCM;0
NTL 12000;7_CaiLon_BCM;0
NTL 13000;7_CaiLon_BCM;0
NTL 14000;7_CaiLon_BCM;0
NTL 3000;7_CaiLon_BCM;0
NTL 5000;7_CaiLon_BCM;0
NTL 7000;7_CaiLon_BCM;0
NTL 8000;7_CaiLon_BCM;0
NTL 9000;7_CaiLon_BCM;0
NamThon;2_DTM;2
Nang Huy;6_QLPH_LongPhu;1
Nang Mau;5_OMonXaNo;1
Nang Mau 2;5_OMonXaNo;1
Nang Muoi;6_QLPH_LongPhu;1
Nang RenNho;6_QLPH_LongPhu;2
NangChang_1;5_OMonXaNo;2
NangChang_2;5_OMonXaNo;1
NangGu;1_TGLX;2
Nchang Re;6_QLPH_LongPhu;2
Nga Bat;5_OMonXaNo;2
Ngang;2_DTM;1
Nguyen Tan Thanh;2_DTM;0
Nguyen Van Tiep1;2_DTM;0
Nguyen Van Tiep2;2_DTM;0
Nha Man TT;7_CaiLon_BCM;2
Nha Nuoc;5_OMonXaNo;1
Nha Tho;2_DTM;1
NhaSi1;7_CaiLon_BCM;1
NhaSi2;7_CaiLon_BCM;2
NhaSi3;7_CaiLon_BCM;2
NhaTho;5_OMonXaNo;1
Nhan Dan;6_QLPH_LongPhu;2
Nhat Tao;3_CuLaoTien;0
Nhi Tho;6_QLPH_LongPhu;3
Nhocanal;2_DTM;1
Nhu_Gia;6_QLPH_LongPhu;1
Ninh Phuoc;1_TGLX;1
No 1;6_QLPH_LongPhu;1
No.10000;6_QLPH_LongPhu;2
No.3000;6_QLPH_LongPhu;2
No.5000;6_QLPH_LongPhu;2
Noc Nang;6_QLPH_LongPhu;1
Noi Tra Liem;6_QLPH_LongPhu;1
Noi_OD_QT;2_DTM;2
Nong Truong;1_TGLX;1
Nuoc Man;7_CaiLon_BCM;1
Nuoc Mang;3_CuLaoTien;1
Nuoc Nan;6_QLPH_LongPhu;2
NuocTrong;7_CaiLon_BCM;1
O Mon;5_OMonXaNo;0
OMonCanal;5_OMonXaNo;0
O_LH_TTB;2_DTM;3
Ong Chuong;7_CaiLon_BCM;3
Ong Doc;7_CaiLon_BCM;0
Ong Hoach;5_OMonXaNo;3
Ong Huong;7_CaiLon_BCM;2
Ong Phu;7_CaiLon_BCM;2
Ong Ro;6_QLPH_LongPhu;1
Ong Tuong;6_QLPH_LongPhu;1
OngHai;5_OMonXaNo;1
OngHao;5_OMonXaNo;2
OngQuang;5_OMonXaNo;1
Ongxayriver;4_NamMangThit;2
PL12_13;6_QLPH_LongPhu;2
PL16_Pl30;7_CaiLon_BCM;1
PS-CS 1;6_QLPH_LongPhu;2
PTN 1000;6_QLPH_LongPhu;2
PTN 3000;6_QLPH_LongPhu;2
PTN 5000;6_QLPH_LongPhu;2
PTN 7000;6_QLPH_LongPhu;2
PTTTran;6_QLPH_LongPhu;2
Phu Duc;2_DTM;1
Phu No;6_QLPH_LongPhu;2
Phu Thanh;2_DTM;1
Phung Thot;2_DTM;1
Phuoc Xuyen;2_DTM;0
Phuoc Xuyen2;2_DTM;0
Quan Lo PH;6_QLPH_LongPhu;0
Quang Dai;2_DTM;1
QuocPhong1;1_TGLX;3
QuocPhong10;1_TGLX;5
QuocPhong11_1;1_TGLX;5
QuocPhong11_2;1_TGLX;5
QuocPhong12_1;1_TGLX;3
QuocPhong12_2;1_TGLX;3
QuocPhong13;1_TGLX;5
QuocPhong14;1_TGLX;5
QuocPhong15;1_TGLX;3
QuocPhong16;7_CaiLon_BCM;2
QuocPhong2;1_TGLX;3
QuocPhong3;1_TGLX;5
QuocPhong4_1;1_TGLX;5
QuocPhong4_2;1_TGLX;5
QuocPhong5;1_TGLX;5
QuocPhong6;1_TGLX;5
QuocPhong7;1_TGLX;5
QuocPhong8;1_TGLX;3
QuocPhong9;1_TGLX;3
R-BPhuoc;3_CuLaoTien;1
R. Ba Keo;7_CaiLon_BCM;1
R. Ba Tinh;7_CaiLon_BCM;2
R. Ky Hon;3_CuLaoTien;2
R. Nga Bat;7_CaiLon_BCM;1
R. O Huong;1_TGLX;2
R. Sao Luoi;7_CaiLon_BCM;2
R. Soc Tram;7_CaiLon_BCM;1
R. Ta Nien;1_TGLX;1
R. Ta Nien1;1_TGLX;1
R. Thu Nhat;1_TGLX;2
R. Thuong Luong;1_TGLX;4
R. Thuong Luong1;1_TGLX;4
R.CSauHy;6_QLPH_LongPhu;1
R.CaiNhum;6_QLPH_LongPhu;1
R.CaiSu;7_CaiLon_BCM;1
R.CayGo;7_CaiLon_BCM;3
R.CayT;7_CaiLon_BCM;1
R.Dinh;7_CaiLon_BCM;4
R.Gia;3_CuLaoTien;3
R.GoGua;3_CuLaoTien;3
R.Hocdung;2_DTM;2
R.LungNgang_1;7_CaiLon_BCM;3
R.LungNgang_2;7_CaiLon_BCM;3
R.TamTrieu_1;6_QLPH_LongPhu;2
R.TamTrieu_2;7_CaiLon_BCM;2
R.ThonThanhLA;2_DTM;1
R.Thu10_1;1_TGLX;4
R.Thu10_2;1_TGLX;3
R.XeoDoi1;1_TGLX;6
R.XeoDoi2;1_TGLX;4
RACHMONGHOA;7_CaiLon_BCM;1
RACHRUONG1;7_CaiLon_BCM;1
RACHTHUCHIN1;1_TGLX;4
RACHTHUCHIN2;1_TGLX;2
RACHTHUTAM1;1_TGLX;4
RACHTHUTAM2;1_TGLX;2
RACHXEODUOC;7_CaiLon_BCM;2
RACHXEOVET;1_TGLX;4
RXEOQUAO;1_TGLX;4
R_CTTG2;2_DTM;2
R_CTTG3;2_DTM;2
R_Soi;3_CuLaoTien;2
R_Tram;2_DTM;2
Rach Ban;7_CaiLon_BCM;1
Rach Ca;6_QLPH_LongPhu;2
Rach Cai Nhap;7_CaiLon_BCM;1
Rach Choc;6_QLPH_LongPhu;2
Rach Gia HT;1_TGLX;0
Rach Gia LX;1_TGLX;0
Rach Ruong;2_DTM;1
Rach Sao;2_DTM;1
Rach Sen;6_QLPH_LongPhu;2
Rach Sen3;6_QLPH_LongPhu;2
Rach Tram MB;3_CuLaoTien;1
RachBaNhien_RachCat;9_KHAC;-1
RachDon;3_CuLaoTien;2
RachNhop;5_OMonXaNo;2
RachNhum;5_OMonXaNo;2
RachOngDua_1;5_OMonXaNo;2
RachOngDua_2;5_OMonXaNo;2
RachRauDua;7_CaiLon_BCM;1
RachSung_RachSoDiaBo;5_OMonXaNo;2
Rach_Ba_Kich;5_OMonXaNo;1
Rach_Ba_Thanh;7_CaiLon_BCM;1
Rach_Bang_Tang;5_OMonXaNo;2
Rach_Cai_Dam;9_KHAC;-1
Rach_Cai_Dau;5_OMonXaNo;3
Rach_Chanh;9_KHAC;-1
Rach_Duong_Keo2;7_CaiLon_BCM;1
Rach_Ho;7_CaiLon_BCM;2
Rach_Ho_Dia_Sanh;7_CaiLon_BCM;3
Rach_Lon;3_CuLaoTien;1
Rach_Nuoc_Duc;7_CaiLon_BCM;1
Rach_Nuoc_Xoay;7_CaiLon_BCM;2
Rach_Sanh_Nhien;7_CaiLon_BCM;2
Rach_Tan_Binh;7_CaiLon_BCM;2
Rach_Thi_Doi;7_CaiLon_BCM;2
Rach_Tra_Nien_Lon;5_OMonXaNo;3
Rachchiem;4_NamMangThit;2
Ranh;5_OMonXaNo;2
Ranh Hat;5_OMonXaNo;1
RanhHat1;7_CaiLon_BCM;2
RanhHat2;7_CaiLon_BCM;2
RanhTinh;5_OMonXaNo;2
Rau Cau;7_CaiLon_BCM;3
RauDuaR;7_CaiLon_BCM;1
Ray;6_QLPH_LongPhu;2
Re;6_QLPH_LongPhu;2
RoGhe;1_TGLX;2
Rung;6_QLPH_LongPhu;2
S. Cua Lon-Bo De;7_CaiLon_BCM;0
S. Dam Doi;7_CaiLon_BCM;0
SAOPHONG;4_NamMangThit;1
SARAICANAL;4_NamMangThit;3
SHU_10_100)2005;9_KHAC;-1
SHU_12_108_2005;9_KHAC;-1
SHU_22_23;6_QLPH_LongPhu;1
ST Thoa;6_QLPH_LongPhu;2
ST29_ST56;6_QLPH_LongPhu;0
ST59_ST61;6_QLPH_LongPhu;1
STDNgai;6_QLPH_LongPhu;2
Sa Di;6_QLPH_LongPhu;2
Sa Lon;6_QLPH_LongPhu;2
Sa Lon1;6_QLPH_LongPhu;3
Sa Mop;6_QLPH_LongPhu;3
Sa Mop1;6_QLPH_LongPhu;2
Sa Rai;2_DTM;1
Sa Rai cau;2_DTM;1
Saintenoy;6_QLPH_LongPhu;0
Saintenoy5;6_QLPH_LongPhu;0
Sarai1;4_NamMangThit;3
Sarai2;4_NamMangThit;2
Sarai_Creck;4_NamMangThit;1
Sau Au;2_DTM;1
Sau ThuocTN;6_QLPH_LongPhu;3
SauKim;5_OMonXaNo;1
So 1;7_CaiLon_BCM;1
So 1_2;2_DTM;2
So Dua Lon;5_OMonXaNo;1
Soc Don;6_QLPH_LongPhu;2
Soc So;6_QLPH_LongPhu;2
Soc Trang;6_QLPH_LongPhu;1
SocTro;4_NamMangThit;1
Song Cu;6_QLPH_LongPhu;1
Song Trang;2_DTM;1
Song Trang cau;2_DTM;1
SongCui1;3_CuLaoTien;2
Song_Cai_Rang;5_OMonXaNo;2
Song_Cui;3_CuLaoTien;1
Song_Giuc_Thuong;7_CaiLon_BCM;2
Song_Hoa_Thanh;4_NamMangThit;3
Song_LaiVung_Rach_HoaLong;7_CaiLon_BCM;3
Song_Sa_Dec;7_CaiLon_BCM;2
Song_So_Ha_2;2_DTM;1
Song_Tap_Ren;6_QLPH_LongPhu;2
Song_Tien106_107;9_KHAC;-1
Song_Tien_01_03;3_CuLaoTien;2
Su Son;6_QLPH_LongPhu;2
T Nhat QLPH;6_QLPH_LongPhu;0
T1;3_CuLaoTien;1
T25;7_CaiLon_BCM;2
T29;7_CaiLon_BCM;2
T3;3_CuLaoTien;1
T5;3_CuLaoTien;1
T7;3_CuLaoTien;1
TC Nhan;6_QLPH_LongPhu;2
TCMNeo;6_QLPH_LongPhu;2
TH Giong Cat;6_QLPH_LongPhu;2
THAURAU-TANLAP;4_NamMangThit;2
THGCat;6_QLPH_LongPhu;2
THONGNHAT_CANAL;4_NamMangThit;1
TP-Bnhan;1_TGLX;2
TRAVINH;4_NamMangThit;0
TRA_NGOA;4_NamMangThit;1
TSH;7_CaiLon_BCM;2
TSH1;7_CaiLon_BCM;1
TSH10;1_TGLX;2
TSH101;7_CaiLon_BCM;2
TSH103;7_CaiLon_BCM;2
TSH104;7_CaiLon_BCM;2
TSH106;7_CaiLon_BCM;2
TSH107;7_CaiLon_BCM;2
TSH108;5_OMonXaNo;1
TSH109;5_OMonXaNo;2
TSH11;1_TGLX;2
TSH110;5_OMonXaNo;1
TSH111;1_TGLX;2
TSH112;1_TGLX;3
TSH114;1_TGLX;3
TSH115;7_CaiLon_BCM;2
TSH117;7_CaiLon_BCM;2
TSH118;5_OMonXaNo;2
TSH119;7_CaiLon_BCM;1
TSH12;1_TGLX;2
TSH120;7_CaiLon_BCM;1
TSH121;7_CaiLon_BCM;1
TSH122;7_CaiLon_BCM;1
TSH123;7_CaiLon_BCM;2
TSH124;7_CaiLon_BCM;2
TSH125;5_OMonXaNo;2
TSH126;5_OMonXaNo;1
TSH127;5_OMonXaNo;1
TSH128;5_OMonXaNo;1
TSH129;5_OMonXaNo;1
TSH13;1_TGLX;2
TSH130;7_CaiLon_BCM;2
TSH131;7_CaiLon_BCM;2
TSH132;7_CaiLon_BCM;2
TSH133;7_CaiLon_BCM;2
TSH134;7_CaiLon_BCM;2
TSH135;7_CaiLon_BCM;2
TSH136;5_OMonXaNo;1
TSH137;7_CaiLon_BCM;1
TSH138;7_CaiLon_BCM;2
TSH139;7_CaiLon_BCM;1
TSH14;1_TGLX;2
TSH140;5_OMonXaNo;1
TSH15;1_TGLX;2
TSH16;1_TGLX;2
TSH17;1_TGLX;2
TSH18;1_TGLX;2
TSH19;7_CaiLon_BCM;2
TSH2;7_CaiLon_BCM;1
TSH20;7_CaiLon_BCM;2
TSH21;7_CaiLon_BCM;2
TSH22;7_CaiLon_BCM;2
TSH23;7_CaiLon_BCM;2
TSH24;7_CaiLon_BCM;2
TSH25;7_CaiLon_BCM;2
TSH26;7_CaiLon_BCM;2
TSH27;7_CaiLon_BCM;2
TSH28;7_CaiLon_BCM;2
TSH29;7_CaiLon_BCM;2
TSH3;7_CaiLon_BCM;1
TSH30;1_TGLX;2
TSH34;1_TGLX;2
TSH36;1_TGLX;2
TSH38;1_TGLX;2
TSH40;1_TGLX;2
TSH43;1_TGLX;2
TSH44;1_TGLX;2
TSH47;1_TGLX;2
TSH48;1_TGLX;2
TSH49;1_TGLX;2
TSH5;1_TGLX;2
TSH51;1_TGLX;2
TSH53;7_CaiLon_BCM;2
TSH55;7_CaiLon_BCM;2
TSH58;7_CaiLon_BCM;2
TSH6;7_CaiLon_BCM;1
TSH60;7_CaiLon_BCM;2
TSH63;7_CaiLon_BCM;2
TSH66;7_CaiLon_BCM;2
TSH69;7_CaiLon_BCM;2
TSH7;7_CaiLon_BCM;2
TSH71;5_OMonXaNo;2
TSH72;7_CaiLon_BCM;2
TSH73;7_CaiLon_BCM;2
TSH74;7_CaiLon_BCM;2
TSH76;7_CaiLon_BCM;2
TSH77;7_CaiLon_BCM;2
TSH79;7_CaiLon_BCM;2
TSH8;7_CaiLon_BCM;2
TSH80;5_OMonXaNo;2
TSH81;7_CaiLon_BCM;2
TSH82;5_OMonXaNo;2
TSH83;7_CaiLon_BCM;2
TSH84;5_OMonXaNo;2
TSH85;5_OMonXaNo;3
TSH86;5_OMonXaNo;3
TSH87;7_CaiLon_BCM;2
TSH89;7_CaiLon_BCM;2
TSH9;1_TGLX;2
TSH90;7_CaiLon_BCM;2
TSH92;7_CaiLon_BCM;2
TSH93;7_CaiLon_BCM;2
TSH95;7_CaiLon_BCM;2
TSH97;7_CaiLon_BCM;2
TSH98;5_OMonXaNo;2
TSH99;7_CaiLon_BCM;2
TT103;3_CuLaoTien;2
TT107;3_CuLaoTien;3
TT86_87_88;2_DTM;2
TV07_TV12;4_NamMangThit;2
TV08_54;4_NamMangThit;1
TV09_TV33;4_NamMangThit;2
TV13_14;4_NamMangThit;2
TV_10_15_2006;4_NamMangThit;0
TV_16_30_2006;4_NamMangThit;0
TV_28_32_2006;4_NamMangThit;0
Ta An;6_QLPH_LongPhu;1
Ta Hem;1_TGLX;1
Ta Lon;6_QLPH_LongPhu;2
Ta Lua;1_TGLX;1
Ta Manh;1_TGLX;1
Tac Thu;7_CaiLon_BCM;0
TacOngDinh;5_OMonXaNo;1
Tam Ngam;1_TGLX;1
Tam Ngan;1_TGLX;0
Tam Thai;5_OMonXaNo;2
Tam Thuoc;6_QLPH_LongPhu;2
Tam Thuoc1;1_TGLX;2
Tan Cong Chi;2_DTM;1
Tan Cong Chi cau;2_DTM;1
Tan Cong Chi4;2_DTM;2
Tan Cong Sinh;2_DTM;1
Tan Hiep;1_TGLX;1
Tan Hoa;6_QLPH_LongPhu;2
Tan Thanh;2_DTM;0
Tan Thanh LG;2_DTM;0
Tan Thanh cau;2_DTM;0
Tandinhriver;4_NamMangThit;3
Tap Doan III;6_QLPH_LongPhu;2
Tapngairiver;4_NamMangThit;2
Tay Ki;1_TGLX;2
Tay Tau;6_QLPH_LongPhu;2
Tha La;1_TGLX;0
Thach My;6_QLPH_LongPhu;1
Thach Mynho;6_QLPH_LongPhu;2
Than Nong;9_KHAC;-1
Thanh Binh;6_QLPH_LongPhu;2
Thanh Nien;2_DTM;1
Thanhnguyenriver;4_NamMangThit;2
Thay Cai 1;7_CaiLon_BCM;1
Thay Cai 2;7_CaiLon_BCM;2
Thay Cay;2_DTM;1
Thay Lam;7_CaiLon_BCM;2
Thay Nam;7_CaiLon_BCM;1
Thay Pho;6_QLPH_LongPhu;2
Thay Pho1;6_QLPH_LongPhu;2
Thay Xep;1_TGLX;1
Thep;6_QLPH_LongPhu;2
Thi Doi;5_OMonXaNo;1
Thom Rom;5_OMonXaNo;2
Thong Luu;6_QLPH_LongPhu;2
Thong Nhat;2_DTM;1
Thong Nhat cau;2_DTM;1
Thot Not;7_CaiLon_BCM;1
Thu Thua;2_DTM;0
ThungThap;4_NamMangThit;3
Thuy Loi;6_QLPH_LongPhu;2
Thuy Tan;3_CuLaoTien;1
Tien;0_TRUC;0
Tien_1;0_TRUC;0
Tien_2;0_TRUC;0
Tien_3;0_TRUC;0
Tien_4;0_TRUC;0
Tien_5;0_TRUC;0
Tien_6;0_TRUC;0
Tien_7;0_TRUC;0
Tien_8;0_TRUC;0
Tien_9;0_TRUC;0
Tiep Nhat;6_QLPH_LongPhu;0
Tieu Dua;7_CaiLon_BCM;1
ToMa;5_OMonXaNo;1
Tong Hung LH;4_NamMangThit;1
Tongton_Rumsoc;4_NamMangThit;2
Tra Ban;6_QLPH_LongPhu;1
Tra Canh;6_QLPH_LongPhu;3
Tra Coi;6_QLPH_LongPhu;1
Tra Cu;6_QLPH_LongPhu;1
Tra Cu Can;6_QLPH_LongPhu;1
Tra Cu Thuong;3_CuLaoTien;1
Tra Cuong;6_QLPH_LongPhu;2
Tra Du;2_DTM;2
Tra Ech;6_QLPH_LongPhu;4
Tra Kha;6_QLPH_LongPhu;1
Tra Khue;6_QLPH_LongPhu;1
Tra Su;1_TGLX;0
Tra The;6_QLPH_LongPhu;1
TraCu;4_NamMangThit;3
TraMem;4_NamMangThit;1
Tra_ech;4_NamMangThit;2
Tram Bau;6_QLPH_LongPhu;2
Tram Tre;6_QLPH_LongPhu;2
Tramen1;4_NamMangThit;3
Tramen2;4_NamMangThit;4
Trau Hoi;5_OMonXaNo;1
Tri Ton;1_TGLX;0
Tron;1_TGLX;1
Tu;6_QLPH_LongPhu;1
Tu Nhieu;7_CaiLon_BCM;2
Tu Tam;6_QLPH_LongPhu;2
Tu Thuong;2_DTM;1
Tuan Bay;6_QLPH_LongPhu;2
Tuan Thong;1_TGLX;1
U-QLPH1;6_QLPH_LongPhu;0
U-QLPH10;6_QLPH_LongPhu;0
U-QLPH11;6_QLPH_LongPhu;0
U-QLPH12;6_QLPH_LongPhu;0
U-QLPH13;6_QLPH_LongPhu;0
U-QLPH14;6_QLPH_LongPhu;0
U-QLPH15;6_QLPH_LongPhu;0
U-QLPH16;6_QLPH_LongPhu;0
U-QLPH17;6_QLPH_LongPhu;0
U-QLPH18;6_QLPH_LongPhu;0
U-QLPH19;6_QLPH_LongPhu;0
U-QLPH20;6_QLPH_LongPhu;0
U-QLPH21;6_QLPH_LongPhu;0
U-QLPH22;6_QLPH_LongPhu;0
U-QLPH23;6_QLPH_LongPhu;0
U-QLPH24;6_QLPH_LongPhu;0
U-QLPH25;6_QLPH_LongPhu;0
U-QLPH26;6_QLPH_LongPhu;0
U-QLPH27;6_QLPH_LongPhu;0
U-QLPH28;6_QLPH_LongPhu;0
U-QLPH29;6_QLPH_LongPhu;0
U-QLPH3;6_QLPH_LongPhu;0
U-QLPH30;6_QLPH_LongPhu;0
U-QLPH31;6_QLPH_LongPhu;0
U-QLPH32;6_QLPH_LongPhu;0
U-QLPH33;6_QLPH_LongPhu;0
U-QLPH34;6_QLPH_LongPhu;0
U-QLPH35;6_QLPH_LongPhu;0
U-QLPH36;6_QLPH_LongPhu;0
U-QLPH37;6_QLPH_LongPhu;0
U-QLPH38;6_QLPH_LongPhu;0
U-QLPH39;6_QLPH_LongPhu;0
U-QLPH4;6_QLPH_LongPhu;0
U-QLPH40;6_QLPH_LongPhu;0
U-QLPH41;6_QLPH_LongPhu;0
U-QLPH42;6_QLPH_LongPhu;0
U-QLPH43;6_QLPH_LongPhu;0
U-QLPH45;6_QLPH_LongPhu;0
U-QLPH46;6_QLPH_LongPhu;0
U-QLPH47;6_QLPH_LongPhu;0
U-QLPH48;6_QLPH_LongPhu;0
U-QLPH49;6_QLPH_LongPhu;0
U-QLPH5;6_QLPH_LongPhu;0
U-QLPH50;6_QLPH_LongPhu;0
U-QLPH51;6_QLPH_LongPhu;0
U-QLPH6;6_QLPH_LongPhu;0
U-QLPH60;6_QLPH_LongPhu;0
U-QLPH7;6_QLPH_LongPhu;0
U-QLPH8;6_QLPH_LongPhu;0
U-QLPH9;6_QLPH_LongPhu;0
UMH1;7_CaiLon_BCM;0
UMH10;7_CaiLon_BCM;0
UMH11;7_CaiLon_BCM;0
UMH12;7_CaiLon_BCM;0
UMH13;7_CaiLon_BCM;0
UMH14;7_CaiLon_BCM;0
UMH15;7_CaiLon_BCM;0
UMH16;7_CaiLon_BCM;0
UMH17;7_CaiLon_BCM;0
UMH18;7_CaiLon_BCM;0
UMH19;7_CaiLon_BCM;0
UMH2;7_CaiLon_BCM;0
UMH20;7_CaiLon_BCM;0
UMH21;7_CaiLon_BCM;0
UMH22;7_CaiLon_BCM;0
UMH23;7_CaiLon_BCM;0
UMH24;7_CaiLon_BCM;0
UMH25;7_CaiLon_BCM;0
UMH26;7_CaiLon_BCM;0
UMH27;7_CaiLon_BCM;0
UMH28;7_CaiLon_BCM;0
UMH29;7_CaiLon_BCM;0
UMH3;7_CaiLon_BCM;0
UMH4;7_CaiLon_BCM;0
UMH5;7_CaiLon_BCM;0
UMH6;7_CaiLon_BCM;0
UMH7;7_CaiLon_BCM;0
UMH8;7_CaiLon_BCM;0
UMH9;7_CaiLon_BCM;0
VAMBUON;4_NamMangThit;3
VAMNHONTRAAN;5_OMonXaNo;1
VINHBINH;4_NamMangThit;3
VINHKIMCANAL;4_NamMangThit;2
VL 7000;6_QLPH_LongPhu;2
VL 8000;6_QLPH_LongPhu;2
VL ThanhTan;6_QLPH_LongPhu;2
VP10;7_CaiLon_BCM;0
VP10_1;7_CaiLon_BCM;0
VP12;7_CaiLon_BCM;0
VP14;7_CaiLon_BCM;0
VP15;7_CaiLon_BCM;0
VP16;7_CaiLon_BCM;0
VP18;7_CaiLon_BCM;0
VP6;7_CaiLon_BCM;0
VP7;7_CaiLon_BCM;0
VP8;7_CaiLon_BCM;0
VP9;7_CaiLon_BCM;0
VUNGLIEM_CRECK;4_NamMangThit;1
Vam Co;3_CuLaoTien;0
Vam Co Dong;3_CuLaoTien;0
Vam Co Tay;3_CuLaoTien;0
Vam Dinh;6_QLPH_LongPhu;1
Vam Rang;1_TGLX;1
Vam Ray;1_TGLX;1
VamNao;0_TRUC;0
VamNao2;0_TRUC;0
Vien Binh;6_QLPH_LongPhu;2
Vinh An;9_KHAC;-1
Vinh B;6_QLPH_LongPhu;2
Vinh Bien;6_QLPH_LongPhu;2
Vinh Phong;6_QLPH_LongPhu;2
Vinh Te;1_TGLX;0
XCutQLPH;6_QLPH_LongPhu;0
XEONHAO1;1_TGLX;2
XEONHAO2;1_TGLX;2
XEONHAO3;1_TGLX;4
XEOQUAOR;1_TGLX;2
XM Kut;6_QLPH_LongPhu;2
Xa Mach;6_QLPH_LongPhu;2
Xa Mau;6_QLPH_LongPhu;2
Xa No;5_OMonXaNo;0
Xa Ta;7_CaiLon_BCM;1
XaNo1;5_OMonXaNo;0
XaNo2;5_OMonXaNo;0
Xang;6_QLPH_LongPhu;2
Xang Cut;7_CaiLon_BCM;1
Xang Lo;5_OMonXaNo;1
XangQLPH;6_QLPH_LongPhu;0
Xeo Chit;1_TGLX;1
Xeo ChitN;6_QLPH_LongPhu;1
Xeo Choi;5_OMonXaNo;3
Xeo Gua;6_QLPH_LongPhu;1
Xeo Mat CV;7_CaiLon_BCM;2
Xeo Mon;5_OMonXaNo;0
Xeo Ro;1_TGLX;2
Xeo Song;6_QLPH_LongPhu;2
Xeo Tram;6_QLPH_LongPhu;2
Xeo Tram2;3_CuLaoTien;2
Xeo Xu;7_CaiLon_BCM;1
XeoChit_QuanLo;6_QLPH_LongPhu;1
XeoDuoc1;7_CaiLon_BCM;2
XeoDuoc2;7_CaiLon_BCM;3
XeoSao;5_OMonXaNo;1
Xom La;6_QLPH_LongPhu;1
Xom Tiem;6_QLPH_LongPhu;2
ZZZ_CM100;7_CaiLon_BCM;1
ZZZ_CM101;7_CaiLon_BCM;0
ZZZ_CM102;7_CaiLon_BCM;0
ZZZ_CM103;7_CaiLon_BCM;0
ZZZ_CM59;7_CaiLon_BCM;0
ZZZ_CM60;7_CaiLon_BCM;0
ZZZ_CM61;7_CaiLon_BCM;0
ZZZ_CM62;7_CaiLon_BCM;1
ZZZ_CM63;7_CaiLon_BCM;1
ZZZ_CM64;7_CaiLon_BCM;0
ZZZ_CM65;7_CaiLon_BCM;0
ZZZ_CM66;7_CaiLon_BCM;1
ZZZ_CM67;7_CaiLon_BCM;0
ZZZ_CM68;7_CaiLon_BCM;0
ZZZ_CM70;7_CaiLon_BCM;1
ZZZ_CM71;7_CaiLon_BCM;0
ZZZ_CM73;7_CaiLon_BCM;0
ZZZ_CM74;7_CaiLon_BCM;0
ZZZ_CM75;7_CaiLon_BCM;0
ZZZ_CM76;7_CaiLon_BCM;0
ZZZ_CM77;7_CaiLon_BCM;0
ZZZ_CM78;7_CaiLon_BCM;0
ZZZ_CM79;7_CaiLon_BCM;1
ZZZ_CM80;7_CaiLon_BCM;0
ZZZ_CM81;7_CaiLon_BCM;0
ZZZ_CM82;7_CaiLon_BCM;0
ZZZ_CM83;7_CaiLon_BCM;1
ZZZ_CM84;7_CaiLon_BCM;0
ZZZ_CM85;7_CaiLon_BCM;0
ZZZ_CM86;7_CaiLon_BCM;2
ZZZ_CM87;7_CaiLon_BCM;0
ZZZ_CM88;7_CaiLon_BCM;0
ZZZ_CM89;7_CaiLon_BCM;0
ZZZ_CM90;7_CaiLon_BCM;0
ZZZ_CM91;7_CaiLon_BCM;0
ZZZ_CM92;7_CaiLon_BCM;1
ZZZ_CM93;7_CaiLon_BCM;0
ZZZ_CM94;7_CaiLon_BCM;1
ZZZ_CM95;7_CaiLon_BCM;0
ZZZ_CM96;7_CaiLon_BCM;1
ZZZ_CM97;7_CaiLon_BCM;0
ZZZ_CM98;7_CaiLon_BCM;0
ZZZ_CM99;7_CaiLon_BCM;0
ZZZ_KenhAoBong;7_CaiLon_BCM;2
ZZZ_KenhMieuThiet;7_CaiLon_BCM;2
ZZZ_KenhNoiCayNhum;7_CaiLon_BCM;2
ZZZ_KenhNoiChuBien;7_CaiLon_BCM;1
ZZZ_KenhNoiDamChim;7_CaiLon_BCM;1
ZZZ_KenhNoiSauDong;7_CaiLon_BCM;2
ZZZ_KenhOngDienCM;7_CaiLon_BCM;1
ZZZ_KenhSauDong1;7_CaiLon_BCM;2
ZZZ_KenhSauDong2;7_CaiLon_BCM;3
ZZZ_KenhSauDong3;7_CaiLon_BCM;2
ZZZ_KenhSauDong4;7_CaiLon_BCM;2
ZZZ_RachDamDoi;7_CaiLon_BCM;1
ZZZ_RachGiongNhum;7_CaiLon_BCM;1
binhphan;3_CuLaoTien;2
binhphu_bapho;4_NamMangThit;2
bosau_baisay;3_CuLaoTien;2
cachuoi;3_CuLaoTien;4
champeaix;3_CuLaoTien;1
champeaus;3_CuLaoTien;2
hieuthanh;4_NamMangThit;4
k.N8_gc;3_CuLaoTien;3
kenh141;3_CuLaoTien;4
kenh142;3_CuLaoTien;3
kenhLA285;2_DTM;0
kenhLA286;2_DTM;0
kenhLA287;2_DTM;0
kenhLA288;2_DTM;0
kenhLA289;2_DTM;0
kenhLA479;2_DTM;0
kenhLA508;2_DTM;0
kenhLA509;2_DTM;0
kenhLA678;2_DTM;1
kenhN2;3_CuLaoTien;3
kenhTG243;3_CuLaoTien;2
kenhTG316;2_DTM;1
kenhTG320;2_DTM;2
kenhTG334;2_DTM;2
kenhTG450;3_CuLaoTien;1
kenhTG452;2_DTM;2
kenhkn8;3_CuLaoTien;3
kenhngan;4_NamMangThit;2
kenht4;3_CuLaoTien;3
kenhxang;4_NamMangThit;1
klonguong1;3_CuLaoTien;4
langnua;3_CuLaoTien;2
ngaichanh_n1;4_NamMangThit;3
ngaichanh_n2;4_NamMangThit;3
ngaichanh_n3;4_NamMangThit;3
ngaihiep;4_NamMangThit;1
nhatho_vannhat;4_NamMangThit;1
rach_rum;4_NamMangThit;3
rachbang;3_CuLaoTien;1
rachcaingang;4_NamMangThit;2
rachhuu;3_CuLaoTien;2
rachrum_ext;4_NamMangThit;4
s. Dam Chim;7_CaiLon_BCM;1
tamphuong;4_NamMangThit;1
tapsonriver;4_NamMangThit;2
trangoa_n1;4_NamMangThit;2
tranvdong;3_CuLaoTien;1
tuongtho;4_NamMangThit;2
tutrinh;3_CuLaoTien;2
xomgiong;3_CuLaoTien;1
