branch;chainage;type_code;station_label;dfs0
AMAB7;0.0;5;Rach Gia;.\H_boudary_DBNN2024.dfs0
Dong Nai;0.0;0;0.Tri An;.\Q_xa_HT.dfs0
GREATLAKE;224000.0;0;0;
MekongCam;0.0;0;1.Kratie;.\Q_kratie_2011_CVDV.dfs0
Mkampoul_s;0.0;0;;
Stung-Takaev;0.0;0;;
An Binh AG;10866.0;0;Rach Gia ;.\H_boudary_2011.dfs0
Ba Hon;7479.0;0;Rach Gia ;.\H_boudary_2011.dfs0
Ba Lai;43085.0;0;Vam Kenh ;.\H_boudary_2011.dfs0
Bay Hap;49569.0;0;Song Doc ;.\H_boudary_2011.dfs0
Branch1016;16058.0;0;Ganh hao ;.\H_boudary_2011.dfs0
Ca Mau11;10776.0;0;Ganh hao ;.\H_boudary_2011.dfs0
Cai Be;0.0;0;Rach Gia ;.\H_boudary_2011.dfs0
Cai Lon;0.0;0;Rach Gia ;.\H_boudary_2011.dfs0
Cai San;60505.0;0;Rach Gia ;.\H_boudary_2011.dfs0
Cau So 2;2980.0;0;Rach Gia ;.\H_boudary_2011.dfs0
Cau So 3;3299.0;0;Rach Gia ;.\H_boudary_2011.dfs0
Cau So 9;10530.0;0;Rach Gia ;.\H_boudary_2011.dfs0
CHUVANG2;0.0;0;Rach Gia ;.\H_boudary_2011.dfs0
CM11;34395.0;0;Song Doc ;.\H_boudary_2011.dfs0
CM42_43;20882.0;0;Song Doc ;.\H_boudary_2011.dfs0
CongNghiep;7094.0;0;Song Doc ;.\H_boudary_2011.dfs0
CuaCoChien;30881.0;0;Ben Trai ;.\H_boudary_2011.dfs0
CuaCungHau;28474.0;0;Ben Trai ;.\H_boudary_2011.dfs0
CuaDai;39585.0;0;Vam Kenh ;.\H_boudary_2011.dfs0
CuaDinhAn;33878.0;0;My Thanh;.\H_boudary_2011.dfs0
CuaTieu;37961.0;0;Vam Kenh ;.\H_boudary_2011.dfs0
CuaTranDe;34530.0;0;My Thanh;.\H_boudary_2011.dfs0
Ganh Hao;50000.0;0;Ganh hao ;.\H_boudary_2011.dfs0
Giang Thanh;24615.0;0;Rach Gia ;.\H_boudary_2011.dfs0
GO12_170;16146.0;0;Ganh hao ;.\H_boudary_2011.dfs0
GO13_33;17483.0;0;Song Doc ;.\H_boudary_2011.dfs0
GO162_163;17072.0;0;Song Doc ;.\H_boudary_2011.dfs0
GO27_28;15183.0;0;Song Doc ;.\H_boudary_2011.dfs0
GO69_70;18528.0;0;Song Doc ;.\H_boudary_2011.dfs0
Ham Luong;75388.0;0;An Thuan ;.\H_boudary_2011.dfs0
HANGMAI;0.0;0;Song Doc ;.\H_boudary_2011.dfs0
Hon Soc;12300.0;0;Rach Gia ;.\H_boudary_2011.dfs0
K. Bien Nhi;17114.0;0;Song Doc ;.\H_boudary_2011.dfs0
K. Cai Cung;13388.0;0;Ganh hao ;.\H_boudary_2011.dfs0
K. Chua Phat;11937.0;0;Ganh hao ;.\H_boudary_2011.dfs0
K. Dong Cung;14441.0;0;Song Doc ;.\H_boudary_2011.dfs0
K. DuongRung;0.0;0;Rach Gia;.\H_boudary_2011.dfs0
K. Hoa Phu;8629.0;0;Ganh hao ;.\H_boudary_2011.dfs0
K. Kim Quy;12173.0;0;Rach Gia ;.\H_boudary_2011.dfs0
K. Vinh My ngoai;12215.0;0;Ganh hao ;.\H_boudary_2011.dfs0
K. Xeo Doi1;0.0;0;Rach Gia;.\H_boudary_2011.dfs0
K. Xeo La;10690.0;0;Rach Gia ;.\H_boudary_2011.dfs0
K. Xeo Nhao;14247.0;0;Rach Gia ;.\H_boudary_2011.dfs0
K. Xeo Vet1;0.0;0;Rach Gia;.\H_boudary_2011.dfs0
K.13;0.0;0;Ganh hao ;.\H_boudary_2011.dfs0
K.2;1821.0;0;Ganh hao ;.\H_boudary_2011.dfs0
K.GIUAXEOQUAN_XEOQUAO;0.0;0;Rach Gia;.\H_boudary_2011.dfs0
K.Lo;0.0;0;Ganh hao ;.\H_boudary_2011.dfs0
K.Moi;5975.0;0;Song Doc ;.\H_boudary_2011.dfs0
K.R.Trai;0.0;0;Rach Gia ;.\H_boudary_2011.dfs0
K.Thu5_1;0.0;0;Rach Gia ;.\H_boudary_2011.dfs0
K285;6450.0;0;Rach Gia ;.\H_boudary_2011.dfs0
K286;7690.0;0;Rach Gia ;.\H_boudary_2011.dfs0
Kenh T6 ND;7000.0;0;Rach Gia ;.\H_boudary_2011.dfs0
KENHTHUBA1;0.0;0;Rach Gia ;.\H_boudary_2011.dfs0
KENHTHUHAI1;3836.0;0;Rach Gia ;.\H_boudary_2011.dfs0
KENHTHUSAU1;0.0;0;Rach Gia ;.\H_boudary_2011.dfs0
Kien Binh;7200.0;0;Rach Gia ;.\H_boudary_2011.dfs0
LANGSAC_CANAL;39146.0;0;Ben Trai ;.\H_boudary_2011.dfs0
Lung Lon;8100.0;0;Rach Gia ;.\H_boudary_2011.dfs0
Lung Lon 2;14900.0;0;Rach Gia ;.\H_boudary_2011.dfs0
LungRanh;0.0;0;Song Doc ;.\H_boudary_2011.dfs0
LUNGROGHE1;0.0;0;Rach Gia ;.\H_boudary_2011.dfs0
Luynh Huynh;9300.0;0;Rach Gia ;.\H_boudary_2011.dfs0
My Thanh;0.0;0;My Thanh ;.\H_boudary_2011.dfs0
Ong Doc;38134.0;0;Song Doc ;.\H_boudary_2011.dfs0
R. Ba Tinh;289.0;0;Song Doc;.\H_boudary_2011.dfs0
R. Sao Luoi;0.0;0;Song Doc;.\H_boudary_2011.dfs0
R. Thu Nhat;11222.0;0;Rach Gia ;.\H_boudary_2011.dfs0
R. Thuong Luong;700.0;0;Rach Gia;.\H_boudary_2011.dfs0
R.Dinh;0.0;0;Song Doc ;.\H_boudary_2011.dfs0
R.Thu10_1;0.0;0;Rach Gia ;.\H_boudary_2011.dfs0
R.XeoDoi1;969.0;0;Rach Gia;.\H_boudary_2011.dfs0
Rach Gia HT;91258.0;0;Rach Gia ;.\H_boudary_2011.dfs0
Rach_Duong_Keo2;27992.0;0;Song Doc ;.\H_boudary_2011.dfs0
RACHTHUCHIN1;0.0;0;Rach Gia ;.\H_boudary_2011.dfs0
RACHTHUTAM1;0.0;0;Rach Gia ;.\H_boudary_2011.dfs0
RACHXEOVET;0.0;0;Rach Gia ;.\H_boudary_2011.dfs0
RXEOQUAO;0.0;0;Rach Gia ;.\H_boudary_2011.dfs0
S. Cua Lon-Bo De;0.0;0;Ganh hao ;.\H_boudary_2011.dfs0
S. Cua Lon-Bo De;60117.0;0;Song Doc ;.\H_boudary_2011.dfs0
s. Dam Chim;38939.0;0;Ganh hao ;.\H_boudary_2011.dfs0
S.NGA BAY;23142.0;0;Vam Kenh ;.\H_boudary_2011.dfs0
Song_Tien_01_03;6189.0;0;Vam Kenh ;.\H_boudary_2011.dfs0
T25;0.0;0;Song Doc;.\H_boudary_2011.dfs0
T29;2560.0;0;Song Doc;.\H_boudary_2011.dfs0
Ta Hem;3720.0;0;Rach Gia ;.\H_boudary_2011.dfs0
Ta Manh;3572.0;0;Rach Gia ;.\H_boudary_2011.dfs0
Thay Xep;3626.0;0;Rach Gia ;.\H_boudary_2011.dfs0
Tieu Dua;0.0;0;Song Doc ;.\H_boudary_2011.dfs0
Tuan Thong;8500.0;0;Rach Gia ;.\H_boudary_2011.dfs0
TV08_54;20092.0;0;Ben Trai ;.\H_boudary_2011.dfs0
Vam Co;47750.0;0;Vam Kenh ;.\H_boudary_2011.dfs0
Vam Rang;5300.0;0;Rach Gia ;.\H_boudary_2011.dfs0
Vam Ray;6245.0;0;Rach Gia;.\H_boudary_2011.dfs0
XEONHAO3;0.0;0;Rach Gia ;.\H_boudary_2011.dfs0
2-9_DOWN;10250.0;1; SMT/82 ;.\Waterdemand2.dfs0
3 CUI;996.0;1;W29 ;.\Waterdemand2.dfs0
3 Cui;12000.0;1;W29 ;.\Waterdemand2.dfs0
3 CUI;19555.0;1;W29 ;.\Waterdemand2.dfs0
30-4;6000.0;1;W23 ;.\Waterdemand2.dfs0
30-4;13496.0;1;W23 ;.\Waterdemand2.dfs0
3THUOC;1518.0;1;W18 ;.\Waterdemand2.dfs0
3Thuoc;5639.0;1;W18 ;.\Waterdemand2.dfs0
4000;2000.0;1;W18 ;.\Waterdemand2.dfs0
4000;2000.0;1;W18 ;.\Waterdemand2.dfs0
6500_3;200.0;1;W18 ;.\Waterdemand2.dfs0
7000_1;1162.0;1;W18 ;.\Waterdemand2.dfs0
7000_2;200.0;1;W18 ;.\Waterdemand2.dfs0
9 THUOC;2040.0;1;W20 ;.\Waterdemand2.dfs0
9 THUOC2;2000.0;1;W20 ;.\Waterdemand2.dfs0
9 THUOC2;4000.0;1;W20 ;.\Waterdemand2.dfs0
A01;3707.0;1;BL/92 ;.\Waterdemand2.dfs0
A02;1788.0;1;BL/92 ;.\Waterdemand2.dfs0
A03;3120.0;1;BL/92 ;.\Waterdemand2.dfs0
A04;3198.0;1;BL/94 ;.\Waterdemand2.dfs0
A05;3124.0;1;BL/94 ;.\Waterdemand2.dfs0
A06;3576.0;1;BL/94 ;.\Waterdemand2.dfs0
A07;3787.0;1;BL/94 ;.\Waterdemand2.dfs0
A08;3584.0;1;BL/94 ;.\Waterdemand2.dfs0
A09;9074.0;1;BL/94 ;.\Waterdemand2.dfs0
A10;2138.0;1;BL/94 ;.\Waterdemand2.dfs0
A11;1758.0;1;BL/94 ;.\Waterdemand2.dfs0
A12;2401.0;1;BL/94 ;.\Waterdemand2.dfs0
A13;2268.0;1;BL/94 ;.\Waterdemand2.dfs0
A14;9718.0;1;BL/95 ;.\Waterdemand2.dfs0
A15;3278.0;1;BL/94 ;.\Waterdemand2.dfs0
A16;4065.0;1;BL/94 ;.\Waterdemand2.dfs0
A17;4439.0;1;BL/95 ;.\Waterdemand2.dfs0
A18;1531.0;1;BL/94 ;.\Waterdemand2.dfs0
AMAB1;500.0;1;W54 ;.\Waterdemand2.dfs0
AMAB12;1830.0;1;W52 ;.\Waterdemand2.dfs0
AMAB13;777.0;1;W54 ;.\Waterdemand2.dfs0
AMAB2;7000.0;1;W54 ;.\Waterdemand2.dfs0
AMAB6;3257.0;1;W54 ;.\Waterdemand2.dfs0
AMAB8;2000.0;1;W54 ;.\Waterdemand2.dfs0
AMAB9;3200.0;1;W54 ;.\Waterdemand2.dfs0
An Binh;17375.0;1; PR/108 ;.\Waterdemand2.dfs0
An Binh AG;2500.0;1; LXQ/7 ;.\Waterdemand2.dfs0
An Phong MH;61048.0;1; PR/105 ;.\Waterdemand2.dfs0
An Phong MH;78000.0;1; PR/106 ;.\Waterdemand2.dfs0
An Phong MH1;38122.0;1; PR/104 ;.\Waterdemand2.dfs0
AN TAP;4000.0;1;W26 ;.\Waterdemand2.dfs0
AN TAP;12000.0;1;W26 ;.\Waterdemand2.dfs0
APMYXEOLAXEOGIUA;3839.0;1;W19 ;.\Waterdemand2.dfs0
B01;2631.0;1;BL/92 ;.\Waterdemand2.dfs0
B02;1475.0;1;BL/92 ;.\Waterdemand2.dfs0
B03;1858.0;1;BL/92 ;.\Waterdemand2.dfs0
B04;10784.0;1;BL/92 ;.\Waterdemand2.dfs0
B05;888.0;1;BL/92 ;.\Waterdemand2.dfs0
B06;589.0;1;BL/92 ;.\Waterdemand2.dfs0
B07;1178.0;1;BL/92 ;.\Waterdemand2.dfs0
B08;843.0;1;BL/92 ;.\Waterdemand2.dfs0
B09;1559.0;1;BL/92 ;.\Waterdemand2.dfs0
B10;1635.0;1;BL/92 ;.\Waterdemand2.dfs0
B11;4094.0;1;BL/93 ;.\Waterdemand2.dfs0
B12;9490.0;1;BL/93 ;.\Waterdemand2.dfs0
B13;5116.0;1;BL/93 ;.\Waterdemand2.dfs0
B14;10528.0;1;BL/93 ;.\Waterdemand2.dfs0
B15;9074.0;1;BL/93 ;.\Waterdemand2.dfs0
B16;6537.0;1;BL/93 ;.\Waterdemand2.dfs0
B17;1595.0;1;BL/93 ;.\Waterdemand2.dfs0
B18;3164.0;1;BL/93 ;.\Waterdemand2.dfs0
B19;1750.0;1;BL/93 ;.\Waterdemand2.dfs0
B20;1006.0;1;BL/93 ;.\Waterdemand2.dfs0
B21;4627.0;1;BL/93 ;.\Waterdemand2.dfs0
B22;3775.0;1;BL/93 ;.\Waterdemand2.dfs0
B23;1270.0;1;BL/93 ;.\Waterdemand2.dfs0
B24;3835.0;1;BL/93 ;.\Waterdemand2.dfs0
B25;5082.0;1;BL/93 ;.\Waterdemand2.dfs0
B26;6275.0;1;BL/93 ;.\Waterdemand2.dfs0
B27;10426.0;1;BL/93 ;.\Waterdemand2.dfs0
B28;4248.0;1;BL/92 ;.\Waterdemand2.dfs0
B29;1909.0;1;BL/93 ;.\Waterdemand2.dfs0
B30;8052.0;1;BL/93 ;.\Waterdemand2.dfs0
B31;408.0;1;BL/93 ;.\Waterdemand2.dfs0
BA AI 1;2000.0;1;W37 ;.\Waterdemand2.dfs0
BA CHIEU;7000.0;1;W16 ;.\Waterdemand2.dfs0
BA CHIEU;16000.0;1;W16 ;.\Waterdemand2.dfs0
BA CHIEU;19000.0;1;W16 ;.\Waterdemand2.dfs0
Ba Hong Minh;5500.0;1; WEVC/114 ;.\Waterdemand2.dfs0
Ba Ke;9063.0;1; LXQ/2 ;.\Waterdemand2.dfs0
Ba Ke;45775.0;1; LXQ/5 ;.\Waterdemand2.dfs0
Ba Ke;49563.0;1; LXQ/12 ;.\Waterdemand2.dfs0
Ba Ke;63788.0;1; LXQ/13 ;.\Waterdemand2.dfs0
Ba Ke;74025.0;1; LXQ/14 ;.\Waterdemand2.dfs0
BA NGAN;2000.0;1;W19 ;.\Waterdemand2.dfs0
BA QUY;2000.0;1;W37 ;.\Waterdemand2.dfs0
BA QUY;2500.0;1;W37 ;.\Waterdemand2.dfs0
BA QUY;4000.0;1;W37 ;.\Waterdemand2.dfs0
Ba Rai;10229.0;1; PR/99 ;.\Waterdemand2.dfs0
Ba Rai;18541.0;1; PR/100 ;.\Waterdemand2.dfs0
BA THA;200.0;1;W41 ;.\Waterdemand2.dfs0
Ba The;45822.0;1; LXQ/12 ;.\Waterdemand2.dfs0
Ba The;49000.0;1; LXQ/12 ;.\Waterdemand2.dfs0
Ba The Moi;10500.0;1; LXQ/13 ;.\Waterdemand2.dfs0
Ba The Moi;16500.0;1; LXQ/12 ;.\Waterdemand2.dfs0
Ba Vom;2500.0;1; WEVC/115 ;.\Waterdemand2.dfs0
BA XA;2000.0;1;W27 ;.\Waterdemand2.dfs0
BA XA;2600.0;1;W27 ;.\Waterdemand2.dfs0
Bac Dong;4791.0;1; PR/107 ;.\Waterdemand2.dfs0
Bac Dong;25790.0;1; PR/106 ;.\Waterdemand2.dfs0
BAC LIEU;9470.0;1;W46 ;.\Waterdemand2.dfs0
BAC LIEU;14274.0;1;W46 ;.\Waterdemand2.dfs0
BAC LIEU;24414.0;1;W46 ;.\Waterdemand2.dfs0
BAC LIEU;28427.0;1;W30 ;.\Waterdemand2.dfs0
BACH NGUU;6840.0;1;W52 ;.\Waterdemand2.dfs0
BACH NGUU;20122.0;1;W38 ;.\Waterdemand2.dfs0
BACH NGUU;30269.0;1;W43 ;.\Waterdemand2.dfs0
BACH NGUU;34472.0;1;W39 ;.\Waterdemand2.dfs0
BACH NGUU;36973.0;1;W39 ;.\Waterdemand2.dfs0
Bach nguu;39893.0;1;W39 ;.\Waterdemand2.dfs0
BACON;2000.0;1;W18 ;.\Waterdemand2.dfs0
BACTRANG;3000.0;1; SMT/84 ;.\Waterdemand2.dfs0
BAHIEN2;1261.0;1;W53 ;.\Waterdemand2.dfs0
BAHIEN2;3003.0;1;W53 ;.\Waterdemand2.dfs0
BANBE2;1213.0;1;W17 ;.\Waterdemand2.dfs0
BANBE2;2737.0;1;W17 ;.\Waterdemand2.dfs0
Bao Dinh;12805.0;1; TA/98 ;.\Waterdemand2.dfs0
BAQUAN1;200.0;1;W17 ;.\Waterdemand2.dfs0
BAQUAN1;1946.0;1;W17 ;.\Waterdemand2.dfs0
BAQUAN2;160.0;1;W17 ;.\Waterdemand2.dfs0
BAQUAN2;2855.0;1;W17 ;.\Waterdemand2.dfs0
Bass_E;89749.0;1; NMT/68 ;.\Waterdemand2.dfs0
Bass_West;68477.0;1; NMT/67 ;.\Waterdemand2.dfs0
Bassac;0.0;1; NMT/70 ;.\Waterdemand2.dfs0
Bassac;18803.0;1; NMT/70 ;.\Waterdemand2.dfs0
Bassac;23155.0;1; NMT/70 ;.\Waterdemand2.dfs0
Bassac;27707.0;1; NMT/70 ;.\Waterdemand2.dfs0
Bassac;33562.0;1; LXQ/12 ;.\Waterdemand2.dfs0
Bassac;33562.0;1; LXQ/12 ;.\Waterdemand2.dfs0
Bassac;38444.0;1; LXQ/13 ;.\Waterdemand2.dfs0
Bassac;41182.0;1; LXQ/13 ;.\Waterdemand2.dfs0
Bassac;50171.0;1; NMT/74 ;.\Waterdemand2.dfs0
Bassac;54469.0;1; LXQ/14 ;.\Waterdemand2.dfs0
BASSAC;74310.0;1;W16 ;.\Waterdemand2.dfs0
BASSAC;80306.0;1;W17 ;.\Waterdemand2.dfs0
BASSAC;104180.0;1;W18 ;.\Waterdemand2.dfs0
BASSAC;108646.0;1;W18 ;.\Waterdemand2.dfs0
BASSAC;117110.0;1;W18 ;.\Waterdemand2.dfs0
BASSAC;123492.0;1;W19 ;.\Waterdemand2.dfs0
Bassac;130800.0;1; NMT/80 ;.\Waterdemand2.dfs0
BASSAC;131576.0;1;W23 ;.\Waterdemand2.dfs0
BASSAC;143210.0;1;W23 ;.\Waterdemand2.dfs0
BASSAC;145886.0;1;W23 ;.\Waterdemand2.dfs0
Bassac;152090.0;1; SMT/82 ;.\Waterdemand2.dfs0
Bau Nau1;6138.0;1; PR/110 ;.\Waterdemand2.dfs0
BAY HAP;4285.0;1;W60 ;.\Waterdemand2.dfs0
BAY HAP;12525.0;1;W60 ;.\Waterdemand2.dfs0
BAY HAP;26111.0;1;W60 ;.\Waterdemand2.dfs0
BAY HAP;30345.0;1;W60 ;.\Waterdemand2.dfs0
BAY HAP;42642.0;1;W65 ;.\Waterdemand2.dfs0
Bay Thuoc;6000.0;1; PR/107 ;.\Waterdemand2.dfs0
Bay Thuoc;14000.0;1; PR/107 ;.\Waterdemand2.dfs0
Bay Thuoc;18025.0;1; PR/107 ;.\Waterdemand2.dfs0
Bay Thuoc;26000.0;1; PR/107 ;.\Waterdemand2.dfs0
BBCBANG;2000.0;1;W27 ;.\Waterdemand2.dfs0
BBCBANG;2000.0;1;W27 ;.\Waterdemand2.dfs0
Binh Chanh;12495.0;1;BL/93 ;.\Waterdemand2.dfs0
BINH HUNG;2000.0;1;W28 ;.\Waterdemand2.dfs0
Binh Thanh;1196.0;1; PR/109 ;.\Waterdemand2.dfs0
Binh Thanh;11250.0;1; PR/108 ;.\Waterdemand2.dfs0
Bo Bo;1250.0;1; WEVC/117 ;.\Waterdemand2.dfs0
BO THAO;2000.0;1;W26 ;.\Waterdemand2.dfs0
BOILOI;2458.0;1;W52 ;.\Waterdemand2.dfs0
BON THUOC1;200.0;1;W28 ;.\Waterdemand2.dfs0
BON THUOC2;3000.0;1;W43 ;.\Waterdemand2.dfs0
BON THUOC2;6250.0;1;W43 ;.\Waterdemand2.dfs0
Bon Tong;21275.0;1; LXQ/13 ;.\Waterdemand2.dfs0
Bon Tong;34025.0;1; LXQ/14 ;.\Waterdemand2.dfs0
Bon Tong;41463.0;1; LXQ/14 ;.\Waterdemand2.dfs0
BONG BINH1;2000.0;1;W19 ;.\Waterdemand2.dfs0
BONG BINH1;2000.0;1;W19 ;.\Waterdemand2.dfs0
Branch AA;6172.0;1;BL/92 ;.\Waterdemand2.dfs0
Branch AB;2944.0;1;BL/92 ;.\Waterdemand2.dfs0
Branch AC;6996.0;1;BL/93 ;.\Waterdemand2.dfs0
BRANCH1001;1260.0;1;W48 ;.\Waterdemand2.dfs0
BRANCH1002;2338.0;1;W48 ;.\Waterdemand2.dfs0
BRANCH1002;7591.0;1;W48 ;.\Waterdemand2.dfs0
BRANCH1003;200.0;1;W48 ;.\Waterdemand2.dfs0
BRANCH1003;1863.0;1;W48 ;.\Waterdemand2.dfs0
BRANCH1006;3000.0;1;W48 ;.\Waterdemand2.dfs0
BRANCH1008;3621.0;1;W48 ;.\Waterdemand2.dfs0
BRANCH1009;200.0;1;W48 ;.\Waterdemand2.dfs0
BRANCH1012;3000.0;1;W48 ;.\Waterdemand2.dfs0
BRANCH1013;3000.0;1;W48 ;.\Waterdemand2.dfs0
BRANCH1015;1368.0;1;W48 ;.\Waterdemand2.dfs0
BRANCH1018;200.0;1;W48 ;.\Waterdemand2.dfs0
BRANCH1018;3916.0;1;W48 ;.\Waterdemand2.dfs0
BRANCH1019;200.0;1;W48 ;.\Waterdemand2.dfs0
BRANCH1020;3000.0;1;W48 ;.\Waterdemand2.dfs0
BRANCH1022;200.0;1;W48 ;.\Waterdemand2.dfs0
BRANCH1023;200.0;1;W48 ;.\Waterdemand2.dfs0
BRANCH1024;200.0;1;W48 ;.\Waterdemand2.dfs0
BRANCH1025;4767.0;1;W48 ;.\Waterdemand2.dfs0
BRANCH1027;914.0;1;W47 ;.\Waterdemand2.dfs0
BRANCH1028;4750.0;1;W47 ;.\Waterdemand2.dfs0
BRANCH1029;3000.0;1;W47 ;.\Waterdemand2.dfs0
BRANCH1030;2704.0;1;W47 ;.\Waterdemand2.dfs0
BRANCH1031;1866.0;1;W47 ;.\Waterdemand2.dfs0
BRANCH1034;200.0;1;W47 ;.\Waterdemand2.dfs0
BRANCH1035;200.0;1;W47 ;.\Waterdemand2.dfs0
BRANCH1038;200.0;1;W47 ;.\Waterdemand2.dfs0
BRANCH1039;200.0;1;W47 ;.\Waterdemand2.dfs0
BRANCH1039;3000.0;1;W47 ;.\Waterdemand2.dfs0
BRANCH1040;4708.0;1;W47 ;.\Waterdemand2.dfs0
BRANCH1041;200.0;1;W47 ;.\Waterdemand2.dfs0
BRANCH1042;200.0;1;W47 ;.\Waterdemand2.dfs0
BRANCH1042;200.0;1;W47 ;.\Waterdemand2.dfs0
BRANCH1043;1687.0;1;W47 ;.\Waterdemand2.dfs0
BRANCH1043;4813.0;1;W47 ;.\Waterdemand2.dfs0
BRANCH1043;8879.0;1;W47 ;.\Waterdemand2.dfs0
BRANCH1046;200.0;1;W47 ;.\Waterdemand2.dfs0
BRANCH1046;2830.0;1;W47 ;.\Waterdemand2.dfs0
BRANCH1048;200.0;1;W47 ;.\Waterdemand2.dfs0
BRANCH1048;2697.0;1;W47 ;.\Waterdemand2.dfs0
BRANCH1049;3000.0;1;W47 ;.\Waterdemand2.dfs0
BRANCH1053;751.0;1;W47 ;.\Waterdemand2.dfs0
BRANCH1054;3147.0;1;W48 ;.\Waterdemand2.dfs0
BRANCH1056;2191.0;1;W48 ;.\Waterdemand2.dfs0
BRANCH1158;200.0;1;W62 ;.\Waterdemand2.dfs0
BRANCH1159;3000.0;1;W62 ;.\Waterdemand2.dfs0
BRANCH1159;3000.0;1;W62 ;.\Waterdemand2.dfs0
BRANCH1160;200.0;1;W62 ;.\Waterdemand2.dfs0
BRANCH1162;200.0;1;W62 ;.\Waterdemand2.dfs0
BRANCH1165;3000.0;1;W62 ;.\Waterdemand2.dfs0
BRANCH1169;3000.0;1;W65 ;.\Waterdemand2.dfs0
BRANCH1201;200.0;1;W65 ;.\Waterdemand2.dfs0
BRANCH973;2029.0;1;W49 ;.\Waterdemand2.dfs0
BRANCH973;7851.0;1;W49 ;.\Waterdemand2.dfs0
BRANCH974;1157.0;1;W49 ;.\Waterdemand2.dfs0
BRANCH974;1157.0;1;W49 ;.\Waterdemand2.dfs0
BRANCH974;3000.0;1;W49 ;.\Waterdemand2.dfs0
BRANCH975;6000.0;1;W49 ;.\Waterdemand2.dfs0
BRANCH976;5018.0;1;W49 ;.\Waterdemand2.dfs0
BRANCH978;200.0;1;W49 ;.\Waterdemand2.dfs0
BRANCH979;3947.0;1;W49 ;.\Waterdemand2.dfs0
BRANCH983;2479.0;1;W49 ;.\Waterdemand2.dfs0
BRANCH984;2162.0;1;W49 ;.\Waterdemand2.dfs0
BRANCH987;3000.0;1;W49 ;.\Waterdemand2.dfs0
BRANCH988;3000.0;1;W49 ;.\Waterdemand2.dfs0
BRANCH989;6000.0;1;W49 ;.\Waterdemand2.dfs0
BRANCH991;200.0;1;W49 ;.\Waterdemand2.dfs0
BRANCH993;200.0;1;W34 ;.\Waterdemand2.dfs0
BRANCH993;8386.0;1;W49 ;.\Waterdemand2.dfs0
BRANCH994;3000.0;1;W49 ;.\Waterdemand2.dfs0
BRANCH997;3000.0;1;W48 ;.\Waterdemand2.dfs0
BRANCH999;2773.0;1;W49 ;.\Waterdemand2.dfs0
BRTALIEM;4000.0;1;W26 ;.\Waterdemand2.dfs0
Bui Moi;4500.0;1; PR/105 ;.\Waterdemand2.dfs0
BUNG COC;3800.0;1;W26 ;.\Waterdemand2.dfs0
BUNG TUC;2000.0;1;W23 ;.\Waterdemand2.dfs0
BUNG TUC;7000.0;1;W23 ;.\Waterdemand2.dfs0
BUNG TUC;9000.0;1;W23 ;.\Waterdemand2.dfs0
BUNGLON;2163.0;1;W18 ;.\Waterdemand2.dfs0
BUNGTRUONG;2500.0;1; SMT/81 ;.\Waterdemand2.dfs0
BUNGTRUONG;12433.0;1; SMT/81 ;.\Waterdemand2.dfs0
C01;6548.5;1;SUB1088 ;.\Waterdemand2.dfs0
C02;1380.0;1;SUB1088 ;.\Waterdemand2.dfs0
C03;718.0;1;SUB1088 ;.\Waterdemand2.dfs0
C05;1074.0;1;SUB1088 ;.\Waterdemand2.dfs0
C06;2519.0;1;SUB1089 ;.\Waterdemand2.dfs0
C07;3613.0;1;SUB1089 ;.\Waterdemand2.dfs0
C08;3532.0;1;SUB1089 ;.\Waterdemand2.dfs0
C09;1155.5;1;SUB1089 ;.\Waterdemand2.dfs0
C10;1110.0;1;SUB1089 ;.\Waterdemand2.dfs0
C11;6610.0;1;SUB1089 ;.\Waterdemand2.dfs0
C12;8800.5;1;SUB1089 ;.\Waterdemand2.dfs0
C13;6554.0;1;SUB1089 ;.\Waterdemand2.dfs0
C14;3858.0;1;SUB1089 ;.\Waterdemand2.dfs0
C15;2370.5;1;SUB1089 ;.\Waterdemand2.dfs0
C16;5673.0;1;SUB1090 ;.\Waterdemand2.dfs0
C17;8586.5;1;SUB1090 ;.\Waterdemand2.dfs0
C18;2893.0;1;SUB1090 ;.\Waterdemand2.dfs0
C19;3741.5;1;SUB1090 ;.\Waterdemand2.dfs0
C20;2756.5;1;SUB1090 ;.\Waterdemand2.dfs0
C21;2155.0;1;SUB1090 ;.\Waterdemand2.dfs0
C22;4753.5;1;SUB1090 ;.\Waterdemand2.dfs0
C23;5388.0;1;SUB1090 ;.\Waterdemand2.dfs0
C24;4367.5;1;SUB1090 ;.\Waterdemand2.dfs0
C25;4007.5;1;SUB1090 ;.\Waterdemand2.dfs0
C26;3283.0;1;SUB1090 ;.\Waterdemand2.dfs0
C27;4943.0;1;SUB1090 ;.\Waterdemand2.dfs0
C28;11826.5;1;SUB1090 ;.\Waterdemand2.dfs0
C29;4615.5;1;SUB1090 ;.\Waterdemand2.dfs0
C30;5181.5;1;SUB1090 ;.\Waterdemand2.dfs0
C31;1014.5;1;SUB1090 ;.\Waterdemand2.dfs0
C32;4441.5;1;SUB1090 ;.\Waterdemand2.dfs0
C33;6143.0;1;SUB1091 ;.\Waterdemand2.dfs0
C34;4720.5;1;SUB1091 ;.\Waterdemand2.dfs0
C35;4531.5;1;SUB1089 ;.\Waterdemand2.dfs0
C36;4229.0;1;SUB1089 ;.\Waterdemand2.dfs0
C37;4782.0;1;SUB1089 ;.\Waterdemand2.dfs0
C38;1733.0;1;SUB1089 ;.\Waterdemand2.dfs0
C39;2318.5;1;SUB1089 ;.\Waterdemand2.dfs0
C40;1334.5;1;SUB1089 ;.\Waterdemand2.dfs0
C41;2696.5;1;SUB1089 ;.\Waterdemand2.dfs0
C42;3783.5;1;SUB1089 ;.\Waterdemand2.dfs0
C43;1000.0;1;SUB1089 ;.\Waterdemand2.dfs0
Ca Duc;2075.0;1; PR/104 ;.\Waterdemand2.dfs0
Ca Duc;9975.0;1; PR/103 ;.\Waterdemand2.dfs0
Ca Gua;7500.0;1; PR/107 ;.\Waterdemand2.dfs0
CA MAU 1;2000.0;1;W45 ;.\Waterdemand2.dfs0
CA MAU 2;2000.0;1;W45 ;.\Waterdemand2.dfs0
CA MAU 2;5863.0;1;W45 ;.\Waterdemand2.dfs0
CA MAU 2;7977.0;1;W45 ;.\Waterdemand2.dfs0
CA MAU 4;2106.0;1;W53 ;.\Waterdemand2.dfs0
CA MAU BL;26327.0;1;W32 ;.\Waterdemand2.dfs0
CA MAU BL;26327.0;1;W48 ;.\Waterdemand2.dfs0
CA MAU BL;37095.0;1;W49 ;.\Waterdemand2.dfs0
CA MAU BL;44771.0;1;W49 ;.\Waterdemand2.dfs0
CA MAU BL;49732.0;1;W49 ;.\Waterdemand2.dfs0
CA MAU11;200.0;1;W48 ;.\Waterdemand2.dfs0
CA MAU11;200.0;1;W48 ;.\Waterdemand2.dfs0
Ca Mon;4500.0;1; PR/110 ;.\Waterdemand2.dfs0
CA VINH;2000.0;1;W30 ;.\Waterdemand2.dfs0
Cai Bat;12116.0;1; PR/110 ;.\Waterdemand2.dfs0
CAI BE;15023.0;1;W16 ;.\Waterdemand2.dfs0
CAI BE;24853.0;1;W17 ;.\Waterdemand2.dfs0
CAI BE;35443.0;1;W17 ;.\Waterdemand2.dfs0
CAI BE;81654.0;1;W18 ;.\Waterdemand2.dfs0
CAI BE;86652.0;1;W20 ;.\Waterdemand2.dfs0
Cai Beo;4500.0;1; PR/103 ;.\Waterdemand2.dfs0
Cai Beo;13500.0;1; PR/103 ;.\Waterdemand2.dfs0
Cai Cai;2500.0;1; PR/112 ;.\Waterdemand2.dfs0
Cai Cai;14045.0;1; PR/109 ;.\Waterdemand2.dfs0
CAI CAU;4000.0;1;W23 ;.\Waterdemand2.dfs0
Cai Co LK;580.0;1; PR/112 ;.\Waterdemand2.dfs0
Cai Co LK;9864.0;1; PR/112 ;.\Waterdemand2.dfs0
Cai Co LK;16900.0;1; PR/112 ;.\Waterdemand2.dfs0
Cai Co LK;33076.0;1; PR/113 ;.\Waterdemand2.dfs0
Cai Co LK;51750.0;1; PR/113 ;.\Waterdemand2.dfs0
Cai Co LK;58750.0;1; PR/113 ;.\Waterdemand2.dfs0
Cai Co LK;75656.0;1; PR/110 ;.\Waterdemand2.dfs0
Cai Co LK;79250.0;1; PR/110 ;.\Waterdemand2.dfs0
Cai Co LK;82915.0;1; PR/110 ;.\Waterdemand2.dfs0
Cai Co LK;85952.0;1; PR/110 ;.\Waterdemand2.dfs0
Cai Con;5138.0;1;W23 ;.\Waterdemand2.dfs0
CAI CON BE;2000.0;1;W23 ;.\Waterdemand2.dfs0
CAI DA;4000.0;1;W19 ;.\Waterdemand2.dfs0
CAI DIA;5000.0;1;W21 ;.\Waterdemand2.dfs0
CAI LON;2803.0;1;W54 ;.\Waterdemand2.dfs0
CAI LON;5084.0;1;W17 ;.\Waterdemand2.dfs0
CAI LON;8867.0;1;W52 ;.\Waterdemand2.dfs0
CAI LON;11378.0;1;W52 ;.\Waterdemand2.dfs0
CAI LON;12634.0;1;W17 ;.\Waterdemand2.dfs0
CAI LON;33917.0;1;W51 ;.\Waterdemand2.dfs0
CAI LON;39069.0;1;W17 ;.\Waterdemand2.dfs0
CAI LON;41874.0;1;W51 ;.\Waterdemand2.dfs0
CAI LON;74601.0;1;W20 ;.\Waterdemand2.dfs0
CAI LON;80832.0;1;W21 ;.\Waterdemand2.dfs0
CAI LON;86521.0;1;W22 ;.\Waterdemand2.dfs0
CAI LON;89522.0;1;W22 ;.\Waterdemand2.dfs0
CAI LON;100556.0;1;W21 ;.\Waterdemand2.dfs0
CAI LON;106388.0;1;W22 ;.\Waterdemand2.dfs0
CAI NHUM;200.0;1;W19 ;.\Waterdemand2.dfs0
CAI NHUM;2000.0;1;W19 ;.\Waterdemand2.dfs0
Cai Rung;16172.0;1; PR/110 ;.\Waterdemand2.dfs0
Cai Sach;1500.0;1; PR/107 ;.\Waterdemand2.dfs0
Cai San;928.0;1; LXQ/14 ;.\Waterdemand2.dfs0
Cai San;10392.0;1; LXQ/14 ;.\Waterdemand2.dfs0
CAI SAN;18144.0;1;W16 ;.\Waterdemand2.dfs0
CAI SAN;19599.0;1;W16 ;.\Waterdemand2.dfs0
Cai San;30500.0;1; LXQ/14 ;.\Waterdemand2.dfs0
Cai San;42500.0;1; LXQ/14 ;.\Waterdemand2.dfs0
Cai San;46000.0;1; LXQ/14 ;.\Waterdemand2.dfs0
CAI TAT;3000.0;1;W19 ;.\Waterdemand2.dfs0
CAI TRAU;6705.0;1;W28 ;.\Waterdemand2.dfs0
CAI TRAU;8243.0;1;W29 ;.\Waterdemand2.dfs0
CAI TRAU;32574.0;1;W30 ;.\Waterdemand2.dfs0
CAI TRAU NG;13830.0;1;W28 ;.\Waterdemand2.dfs0
CAIBONGR;200.0;1;W62 ;.\Waterdemand2.dfs0
CAIHOP;7111.0;1; SMT/83 ;.\Waterdemand2.dfs0
CAIHOP;14125.0;1; SMT/83 ;.\Waterdemand2.dfs0
CAINUOC2;2456.0;1;W60 ;.\Waterdemand2.dfs0
CAINUOCRIVER;6000.0;1;W61 ;.\Waterdemand2.dfs0
CAN GAO;12373.0;1;W52 ;.\Waterdemand2.dfs0
CAN GAO;14500.0;1;W52 ;.\Waterdemand2.dfs0
CAN GAO;15465.0;1;W52 ;.\Waterdemand2.dfs0
CAN GAO;18647.0;1;W53 ;.\Waterdemand2.dfs0
CAN GAO;32287.0;1;W54 ;.\Waterdemand2.dfs0
CAN GAO;57613.0;1;W55 ;.\Waterdemand2.dfs0
CAN GAO;58890.0;1;W53 ;.\Waterdemand2.dfs0
CAN GAO;63706.0;1;W55 ;.\Waterdemand2.dfs0
CAN GAO;66748.0;1;W55 ;.\Waterdemand2.dfs0
CAN GAO;68372.0;1;W53 ;.\Waterdemand2.dfs0
CAN GAO;69500.0;1;W55 ;.\Waterdemand2.dfs0
Can Thao;6350.0;1; LXQ/11 ;.\Waterdemand2.dfs0
Can Thao;6350.0;1; LXQ/11 ;.\Waterdemand2.dfs0
Can Tho HH;12090.0;1; NMT/79 ;.\Waterdemand2.dfs0
CAN_THO;6221.0;1;W18 ;.\Waterdemand2.dfs0
CAN_THO;9434.0;1;W18 ;.\Waterdemand2.dfs0
CAN_THO;19727.0;1;W19 ;.\Waterdemand2.dfs0
CAN_THO;24438.0;1;W18 ;.\Waterdemand2.dfs0
CAN_THO;32298.0;1;W19 ;.\Waterdemand2.dfs0
Cau So 9;5000.0;1; LXQ/15 ;.\Waterdemand2.dfs0
CAY BANG;2000.0;1;W27 ;.\Waterdemand2.dfs0
CAY GIUA;4000.0;1;W44 ;.\Waterdemand2.dfs0
Cay Kho Lon;7500.0;1; WEVC/114 ;.\Waterdemand2.dfs0
CAYNHUM;200.0;1;W63 ;.\Waterdemand2.dfs0
CC4;6000.0;1;W34 ;.\Waterdemand2.dfs0
CDXDONG;2000.0;1;W23 ;.\Waterdemand2.dfs0
CDXDONG;9000.0;1;W23 ;.\Waterdemand2.dfs0
CDXDONG;9000.0;1;W23 ;.\Waterdemand2.dfs0
CG11_16;9225.0;1; GC/97 ;.\Waterdemand2.dfs0
CG17_18;10344.0;1; GC/97 ;.\Waterdemand2.dfs0
CHAC BANG;3062.0;1;W42 ;.\Waterdemand2.dfs0
CHAC BANG;11242.0;1;W43 ;.\Waterdemand2.dfs0
CHAC BANG;12079.0;1;W53 ;.\Waterdemand2.dfs0
CHAC BANG;12848.0;1;W43 ;.\Waterdemand2.dfs0
CHAC BANG;15321.0;1;W43 ;.\Waterdemand2.dfs0
CHAC BANG;21331.0;1;W43 ;.\Waterdemand2.dfs0
CHAC BANG;28687.0;1;W53 ;.\Waterdemand2.dfs0
CHAC BANG;30430.0;1;W44 ;.\Waterdemand2.dfs0
Chac Ca Dao;6530.0;1; LXQ/13 ;.\Waterdemand2.dfs0
Chac Ca Dao;9884.0;1; LXQ/13 ;.\Waterdemand2.dfs0
ChauDoc-Channel;6848.0;1; NMT/68 ;.\Waterdemand2.dfs0
CHEMZ_278;5272.0;1;W53 ;.\Waterdemand2.dfs0
CHEMZ_279;5034.0;1;W53 ;.\Waterdemand2.dfs0
CHEMZ_282;1585.0;1;W53 ;.\Waterdemand2.dfs0
CHEMZ_285;200.0;1;W53 ;.\Waterdemand2.dfs0
CHEMZ_286;1416.0;1;W53 ;.\Waterdemand2.dfs0
CHEMZ_288;3524.0;1;W53 ;.\Waterdemand2.dfs0
CHEMZ_290;200.0;1;W53 ;.\Waterdemand2.dfs0
CHEMZ_292;2586.0;1;W53 ;.\Waterdemand2.dfs0
CHEMZ_296;200.0;1;W53 ;.\Waterdemand2.dfs0
CHEMZ_297;3404.0;1;W53 ;.\Waterdemand2.dfs0
CHEMZ_299;200.0;1;W53 ;.\Waterdemand2.dfs0
CHEMZ_299;2113.0;1;W53 ;.\Waterdemand2.dfs0
CHEMZ_300;200.0;1;W53 ;.\Waterdemand2.dfs0
CHEMZ_300;5461.0;1;W53 ;.\Waterdemand2.dfs0
CHEMZ_302;2483.0;1;W53 ;.\Waterdemand2.dfs0
CHEMZ_302;4396.0;1;W53 ;.\Waterdemand2.dfs0
CHEMZ_303;918.0;1;W53 ;.\Waterdemand2.dfs0
CHEMZ_305;200.0;1;W53 ;.\Waterdemand2.dfs0
CHEMZ_306;200.0;1;W53 ;.\Waterdemand2.dfs0
CHEMZ_307;9094.0;1;W55 ;.\Waterdemand2.dfs0
CHEMZ_308;11919.0;1;W55 ;.\Waterdemand2.dfs0
CHEMZ_310;5357.0;1;W55 ;.\Waterdemand2.dfs0
CHEMZ_312;1634.0;1;W55 ;.\Waterdemand2.dfs0
CHEMZ_312;1634.0;1;W55 ;.\Waterdemand2.dfs0
CHEMZ_313;200.0;1;W55 ;.\Waterdemand2.dfs0
CHEMZ_314;200.0;1;W55 ;.\Waterdemand2.dfs0
CHEMZ_314;4116.0;1;W55 ;.\Waterdemand2.dfs0
CHEMZ_316;200.0;1;W55 ;.\Waterdemand2.dfs0
CHEMZ_317;200.0;1;W55 ;.\Waterdemand2.dfs0
CHEMZ_317;2431.0;1;W55 ;.\Waterdemand2.dfs0
CHEMZ_321;808.0;1;W55 ;.\Waterdemand2.dfs0
CHEMZ_321;808.0;1;W55 ;.\Waterdemand2.dfs0
CHEMZ_323;1145.0;1;W55 ;.\Waterdemand2.dfs0
CHEMZ_327;9067.0;1;W55 ;.\Waterdemand2.dfs0
CHEMZ_328;3378.0;1;W55 ;.\Waterdemand2.dfs0
CHEMZ_328;4765.0;1;W55 ;.\Waterdemand2.dfs0
CHEMZ_328;11192.0;1;W55 ;.\Waterdemand2.dfs0
CHEMZ_329;6667.0;1;W55 ;.\Waterdemand2.dfs0
CHEMZ_330;1726.0;1;W55 ;.\Waterdemand2.dfs0
CHEMZ_332;6587.0;1;W55 ;.\Waterdemand2.dfs0
CHEMZ_335;6494.0;1;W55 ;.\Waterdemand2.dfs0
CHEMZ_337;5521.0;1;W55 ;.\Waterdemand2.dfs0
CHEMZ_338;200.0;1;W55 ;.\Waterdemand2.dfs0
CHEMZ_338;1913.0;1;W55 ;.\Waterdemand2.dfs0
CHEMZ_340;2010.0;1;W55 ;.\Waterdemand2.dfs0
CHEMZ_341;200.0;1;W53 ;.\Waterdemand2.dfs0
CHEMZ_342;200.0;1;W53 ;.\Waterdemand2.dfs0
CHEMZ_343;200.0;1;W53 ;.\Waterdemand2.dfs0
CHEMZ_343;200.0;1;W53 ;.\Waterdemand2.dfs0
CHIEN LUY;4000.0;1;W36 ;.\Waterdemand2.dfs0
CHIEN LUY;6536.0;1;W36 ;.\Waterdemand2.dfs0
CHO CU;6000.0;1;W29 ;.\Waterdemand2.dfs0
CHO CU1;3089.0;1;W26 ;.\Waterdemand2.dfs0
Cho Gao;27340.0;1; TA/98 ;.\Waterdemand2.dfs0
CHONG CHAC;2000.0;1;W23 ;.\Waterdemand2.dfs0
CHONGMY;1487.0;1;W53 ;.\Waterdemand2.dfs0
CHONGMY;3821.0;1;W53 ;.\Waterdemand2.dfs0
CHONGMY;7949.0;1;W53 ;.\Waterdemand2.dfs0
CHUVANG1;6000.0;1;W54 ;.\Waterdemand2.dfs0
CM11;12491.0;1;W58 ;.\Waterdemand2.dfs0
CM11;22054.0;1;W58 ;.\Waterdemand2.dfs0
CM16_17;2000.0;1;W58 ;.\Waterdemand2.dfs0
CM20_21;200.0;1;W61 ;.\Waterdemand2.dfs0
CM20_21;200.0;1;W61 ;.\Waterdemand2.dfs0
CM59_60;200.0;1;W60 ;.\Waterdemand2.dfs0
CM59_60;8142.0;1;W60 ;.\Waterdemand2.dfs0
CM59_60;19207.0;1;W60 ;.\Waterdemand2.dfs0
CM59_60;19207.0;1;W60 ;.\Waterdemand2.dfs0
CMP_CAI TAC;6000.0;1;W19 ;.\Waterdemand2.dfs0
CMP_MOI;6111.0;1;W37 ;.\Waterdemand2.dfs0
CMP_MOI1;1000.0;1;W20 ;.\Waterdemand2.dfs0
CMP_MOI1;3000.0;1;W20 ;.\Waterdemand2.dfs0
CMP_MUONG KHAI;4369.0;1;W23 ;.\Waterdemand2.dfs0
CMY_CN;3000.0;1;W60 ;.\Waterdemand2.dfs0
CMY_CN;6000.0;1;W60 ;.\Waterdemand2.dfs0
CMY_CN;6000.0;1;W60 ;.\Waterdemand2.dfs0
CO BA;3000.0;1;W19 ;.\Waterdemand2.dfs0
CO THIEN;4000.0;1;W28 ;.\Waterdemand2.dfs0
CoChien;5856.0;1; NMT/80 ;.\Waterdemand2.dfs0
CONG DIEN;6000.0;1;W30 ;.\Waterdemand2.dfs0
CONG DIEN TREN;323.0;1;W34 ;.\Waterdemand2.dfs0
CONG DIEN TREN;2000.0;1;W34 ;.\Waterdemand2.dfs0
CSNTUNG;3540.0;1;W23 ;.\Waterdemand2.dfs0
CUACUNGHAU;0.0;1; SMT/83 ;.\Waterdemand2.dfs0
CUACUNGHAU;5668.0;1; SMT/85 ;.\Waterdemand2.dfs0
CUACUNGHAU;11451.0;1; SMT/87 ;.\Waterdemand2.dfs0
CUACUNGHAU;16082.0;1; SMT/85 ;.\Waterdemand2.dfs0
CuaDai;12625.0;1; GC/96 ;.\Waterdemand2.dfs0
CuaDai;29616.0;1; GC/96 ;.\Waterdemand2.dfs0
CuaTranDe;9597.0;1;W25 ;.\Waterdemand2.dfs0
DAI NGAI;9186.0;1;W23 ;.\Waterdemand2.dfs0
DAI NGAI;10801.0;1;W25 ;.\Waterdemand2.dfs0
DAI NGAI;13355.0;1;W23 ;.\Waterdemand2.dfs0
DAI NGAI;18611.0;1;W25 ;.\Waterdemand2.dfs0
DAI NGAI;28415.0;1;W30 ;.\Waterdemand2.dfs0
Dao;2000.0;1; LXQ/11 ;.\Waterdemand2.dfs0
Dao;6500.0;1; LXQ/11 ;.\Waterdemand2.dfs0
DAP DA;200.0;1;W27 ;.\Waterdemand2.dfs0
DE NMAN;1915.0;1;W22 ;.\Waterdemand2.dfs0
DE NMAN;16000.0;1;W22 ;.\Waterdemand2.dfs0
DE NMAN;26000.0;1;W22 ;.\Waterdemand2.dfs0
Dong An;2250.0;1; CD/120 ;.\Waterdemand2.dfs0
DONG BINH;5000.0;1;W19 ;.\Waterdemand2.dfs0
DONG DA;6000.0;1;W32 ;.\Waterdemand2.dfs0
Dong Tien;47500.0;1; PR/105 ;.\Waterdemand2.dfs0
Dong Tien;57000.0;1; PR/105 ;.\Waterdemand2.dfs0
DUNG;2840.0;1;W17 ;.\Waterdemand2.dfs0
Dung;9640.0;1;W17 ;.\Waterdemand2.dfs0
Dung;9640.0;1;W17 ;.\Waterdemand2.dfs0
DUONG LANG;2000.0;1;W27 ;.\Waterdemand2.dfs0
DUONG LANG;4000.0;1;W27 ;.\Waterdemand2.dfs0
DUONG MON;3268.0;1;W29 ;.\Waterdemand2.dfs0
DUONGXUONG1;2232.0;1;W17 ;.\Waterdemand2.dfs0
DUONGXUONG2;2221.0;1;W17 ;.\Waterdemand2.dfs0
DUONGXUONG2;4242.0;1;W17 ;.\Waterdemand2.dfs0
GANH HAO;7837.0;1;W50 ;.\Waterdemand2.dfs0
GANH HAO;16257.0;1;W63 ;.\Waterdemand2.dfs0
GANH HAO;21665.0;1;W63 ;.\Waterdemand2.dfs0
Ganh Hao;31220.0;1;W49 ;.\Waterdemand2.dfs0
GANH HAO;33552.0;1;W49 ;.\Waterdemand2.dfs0
GANH HAO;41270.0;1;W49 ;.\Waterdemand2.dfs0
GCCKET;7260.0;1;W23 ;.\Waterdemand2.dfs0
GCCKET;13108.0;1;W23 ;.\Waterdemand2.dfs0
GIAI PHONG;2000.0;1;W27 ;.\Waterdemand2.dfs0
GIAI PHONG2;2000.0;1;W30 ;.\Waterdemand2.dfs0
Giang Thanh;533.0;1; LXQ/1 ;.\Waterdemand2.dfs0
GIONG CAM;2000.0;1;W22 ;.\Waterdemand2.dfs0
GIUA;200.0;1;W16 ;.\Waterdemand2.dfs0
GIUA;7000.0;1;W16 ;.\Waterdemand2.dfs0
GIUA;8000.0;1;W16 ;.\Waterdemand2.dfs0
GIUA;11000.0;1;W16 ;.\Waterdemand2.dfs0
GIUA;14000.0;1;W16 ;.\Waterdemand2.dfs0
GIUA;17000.0;1;W16 ;.\Waterdemand2.dfs0
GIUA;17000.0;1;W16 ;.\Waterdemand2.dfs0
GIUA;25000.0;1;W16 ;.\Waterdemand2.dfs0
GIUA;26000.0;1;W16 ;.\Waterdemand2.dfs0
GIUA;33000.0;1;W16 ;.\Waterdemand2.dfs0
GIUA;38000.0;1;W16 ;.\Waterdemand2.dfs0
GO_06_12;6567.0;1; GC/97 ;.\Waterdemand2.dfs0
GO_06_12;41783.0;1; GC/97 ;.\Waterdemand2.dfs0
GO_08;7747.0;1;W62 ;.\Waterdemand2.dfs0
GO12_170;11749.0;1;W66 ;.\Waterdemand2.dfs0
GO12_170;11749.0;1;W66 ;.\Waterdemand2.dfs0
GO13_33;12899.0;1;W66 ;.\Waterdemand2.dfs0
GO134_140;675.0;1;W63 ;.\Waterdemand2.dfs0
GO134_140;2252.0;1;W65 ;.\Waterdemand2.dfs0
GO134_140;10270.0;1;W64 ;.\Waterdemand2.dfs0
GO134_140;10270.0;1;W65 ;.\Waterdemand2.dfs0
GO162_163;954.0;1;W66 ;.\Waterdemand2.dfs0
GO27_28;10881.0;1;W66 ;.\Waterdemand2.dfs0
GO73_75;26762.0;1;W63 ;.\Waterdemand2.dfs0
GOC;4000.0;1;W25 ;.\Waterdemand2.dfs0
GOC;4000.0;1;W25 ;.\Waterdemand2.dfs0
GREATLAKE;0.0;1;0;.\Inflow_GreatLake.dfs0
GREATLAKE;14000.0;1;0;.\Inflow_GreatLake.dfs0
GREATLAKE;28000.0;1;0;.\Inflow_GreatLake.dfs0
GREATLAKE;42000.0;1;0;.\Inflow_GreatLake.dfs0
GREATLAKE;66000.0;1;0;.\Inflow_GreatLake.dfs0
GREATLAKE;80000.0;1;0;.\Inflow_GreatLake.dfs0
GREATLAKE;94000.0;1;0;.\Inflow_GreatLake.dfs0
GREATLAKE;108000.0;1;0;.\Inflow_GreatLake.dfs0
GREATLAKE;122000.0;1;0;.\Inflow_GreatLake.dfs0
GREATLAKE;136000.0;1;0;.\Inflow_GreatLake.dfs0
H7;4250.0;1; LXQ/5 ;.\Waterdemand2.dfs0
H7;7500.0;1; LXQ/5 ;.\Waterdemand2.dfs0
H7;12500.0;1; LXQ/5 ;.\Waterdemand2.dfs0
H9;2250.0;1; LXQ/5 ;.\Waterdemand2.dfs0
H9;10000.0;1; LXQ/5 ;.\Waterdemand2.dfs0
H9;13350.0;1; LXQ/5 ;.\Waterdemand2.dfs0
Ha Giang;6772.0;1; LXQ/1 ;.\Waterdemand2.dfs0
Ha Giang;16946.0;1; LXQ/1 ;.\Waterdemand2.dfs0
HANGMAI;5808.0;1;W56 ;.\Waterdemand2.dfs0
HANGMAI;7800.0;1;W56 ;.\Waterdemand2.dfs0
HAU;3000.0;1;W20 ;.\Waterdemand2.dfs0
HAU BOI;200.0;1;W27 ;.\Waterdemand2.dfs0
HAU GIANG 3;5000.0;1;W22 ;.\Waterdemand2.dfs0
HAU GIANG 3;6000.0;1;W22 ;.\Waterdemand2.dfs0
HAU GIANG 3;9000.0;1;W22 ;.\Waterdemand2.dfs0
HAU GIANG 3;12000.0;1;W22 ;.\Waterdemand2.dfs0
HAU GIANG 3;15000.0;1;W22 ;.\Waterdemand2.dfs0
HAU GIANG 3;22000.0;1;W22 ;.\Waterdemand2.dfs0
HAU GIANG 3;28000.0;1;W22 ;.\Waterdemand2.dfs0
HAU GIANG 3;30000.0;1;W22 ;.\Waterdemand2.dfs0
HAU GIANG 3;34000.0;1;W22 ;.\Waterdemand2.dfs0
HAU GIANG 3;36000.0;1;W22 ;.\Waterdemand2.dfs0
HAU GIANG 3;39000.0;1;W22 ;.\Waterdemand2.dfs0
HAU GIANG 3;41000.0;1;W22 ;.\Waterdemand2.dfs0
Hau_3;3112.0;1; LXQ/13 ;.\Waterdemand2.dfs0
HB HNHO;3000.0;1;W30 ;.\Waterdemand2.dfs0
HB HNHO;9000.0;1;W30 ;.\Waterdemand2.dfs0
HOA HUNG;2000.0;1;W30 ;.\Waterdemand2.dfs0
Hon Soc;1500.0;1; LXQ/15 ;.\Waterdemand2.dfs0
Hong Ngu;11859.0;1; PR/108 ;.\Waterdemand2.dfs0
Hong Ngu;22003.0;1; PR/108 ;.\Waterdemand2.dfs0
Hong Ngu;33683.0;1; PR/107 ;.\Waterdemand2.dfs0
Hong Ngu R;1500.0;1; PR/109 ;.\Waterdemand2.dfs0
HPHU GIUA;3000.0;1;W30 ;.\Waterdemand2.dfs0
HTTNGHIA;9000.0;1;W28 ;.\Waterdemand2.dfs0
Hung Dien;9569.0;1; PR/110 ;.\Waterdemand2.dfs0
HUYNH YEU;4000.0;1;W29 ;.\Waterdemand2.dfs0
K 8000;200.0;1;W39 ;.\Waterdemand2.dfs0
K 8000;6522.0;1;W39 ;.\Waterdemand2.dfs0
K. 14-9;200.0;1;W28 ;.\Waterdemand2.dfs0
K. 14-91;3000.0;1;W28 ;.\Waterdemand2.dfs0
K. 14-91;3000.0;1;W28 ;.\Waterdemand2.dfs0
K. 30XeoNgat;3700.0;1;W54 ;.\Waterdemand2.dfs0
K. AN NO;8600.0;1;W25 ;.\Waterdemand2.dfs0
K. BA XAM _GOI_3;4710.0;1;W25 ;.\Waterdemand2.dfs0
K. BAO BIEN;6459.0;1;W25 ;.\Waterdemand2.dfs0
K. CAI CUNG;6000.0;1;W47 ;.\Waterdemand2.dfs0
K. CAI KEO;200.0;1;W49 ;.\Waterdemand2.dfs0
K. CAI XE_NGAN RO;200.0;1;W25 ;.\Waterdemand2.dfs0
K. CAI XE_NGAN RO;9420.0;1;W25 ;.\Waterdemand2.dfs0
K. CAI XE_NGAN RO;17958.0;1;W25 ;.\Waterdemand2.dfs0
K. CAY BONG;16285.0;1;W48 ;.\Waterdemand2.dfs0
K. CAY BONG;19902.0;1;W48 ;.\Waterdemand2.dfs0
K. CCC4;6000.0;1;W40 ;.\Waterdemand2.dfs0
K. DONG CUNG;200.0;1;W61 ;.\Waterdemand2.dfs0
K. HANG;1885.0;1;W53 ;.\Waterdemand2.dfs0
K. HO PHONG;1740.0;1;W48 ;.\Waterdemand2.dfs0
K. HO PHONG;7993.0;1;W48 ;.\Waterdemand2.dfs0
K. HO PHONG;9863.0;1;W48 ;.\Waterdemand2.dfs0
K. HO PHONG;11353.0;1;W49 ;.\Waterdemand2.dfs0
K. HO PHONG;13184.0;1;W49 ;.\Waterdemand2.dfs0
K. HO PHONG;15484.0;1;W48 ;.\Waterdemand2.dfs0
K. HOA PHU;2375.0;1;W47 ;.\Waterdemand2.dfs0
K. Kiem Lam;6991.0;1;W52 ;.\Waterdemand2.dfs0
K. KIM QUY;200.0;1;W54 ;.\Waterdemand2.dfs0
K. KIM QUY;6851.0;1;W54 ;.\Waterdemand2.dfs0
K. LAM KHIET;11417.0;1;W52 ;.\Waterdemand2.dfs0
K. LANG THU 7;3685.0;1;W52 ;.\Waterdemand2.dfs0
K. LANG THU 7;6692.0;1;W53 ;.\Waterdemand2.dfs0
K. LANG THU 7;10340.0;1;W52 ;.\Waterdemand2.dfs0
K. LANG THU 7;22037.0;1;W53 ;.\Waterdemand2.dfs0
K. Lang Thu 7;31189.0;1;W53 ;.\Waterdemand2.dfs0
K. LANG THU 7;33940.0;1;W53 ;.\Waterdemand2.dfs0
K. LANG THU 7;38446.0;1;W52 ;.\Waterdemand2.dfs0
K. LANG TRAM;3179.0;1;W45 ;.\Waterdemand2.dfs0
K. LANG TRAM;6921.0;1;W44 ;.\Waterdemand2.dfs0
K. LANG TRAM;11187.0;1;W45 ;.\Waterdemand2.dfs0
K. LANG TRAM;26703.0;1;W35 ;.\Waterdemand2.dfs0
K. LO XE;11261.0;1;W61 ;.\Waterdemand2.dfs0
K. LO XE 1;3104.0;1;W60 ;.\Waterdemand2.dfs0
K. LO XE 1;15000.0;1;W59 ;.\Waterdemand2.dfs0
K. LO XE 1;16831.0;1;W60 ;.\Waterdemand2.dfs0
K. NANG REN;1000.0;1;W29 ;.\Waterdemand2.dfs0
K. NANG REN;34000.0;1;W30 ;.\Waterdemand2.dfs0
K. NGAN DUA - BL1;4181.0;1;W29 ;.\Waterdemand2.dfs0
K. NGAN DUA - BL1;10563.0;1;W31 ;.\Waterdemand2.dfs0
K. NGAN DUA - BL1;12268.0;1;W31 ;.\Waterdemand2.dfs0
K. NGAN DUA - BL1;23103.0;1;W29 ;.\Waterdemand2.dfs0
K. NGAN DUA - BL2;2378.0;1;W37 ;.\Waterdemand2.dfs0
K. NGAN DUA - BL2;3807.0;1;W36 ;.\Waterdemand2.dfs0
K. ONG DON;4523.0;1;W62 ;.\Waterdemand2.dfs0
K. RANH;21227.0;1;W53 ;.\Waterdemand2.dfs0
K. Ranh;27150.0;1;W53 ;.\Waterdemand2.dfs0
K. Ranh;27150.0;1;W53 ;.\Waterdemand2.dfs0
K. RANH;35362.0;1;W53 ;.\Waterdemand2.dfs0
K. RANH;38276.0;1;W53 ;.\Waterdemand2.dfs0
K. SAU SANH;4950.0;1;W52 ;.\Waterdemand2.dfs0
K. SO KHONG;3000.0;1;W55 ;.\Waterdemand2.dfs0
K. SO KHONG;4808.0;1;W55 ;.\Waterdemand2.dfs0
K. SO KHONG;6654.0;1;W55 ;.\Waterdemand2.dfs0
K. TAM NGAN;4953.0;1;W53 ;.\Waterdemand2.dfs0
K. TAM NGAN;18918.0;1;W53 ;.\Waterdemand2.dfs0
K. TAM NGAN;18918.0;1;W53 ;.\Waterdemand2.dfs0
K. TAM NGAN;23123.0;1;W53 ;.\Waterdemand2.dfs0
K. TAN PHONG;12400.0;1;W40 ;.\Waterdemand2.dfs0
K. TAN PHONG;15300.0;1;W40 ;.\Waterdemand2.dfs0
K. TAN PHONG;23000.0;1;W34 ;.\Waterdemand2.dfs0
K. TAN PHONG;26600.0;1;W34 ;.\Waterdemand2.dfs0
K. TANTHANH_TACVAN;4004.0;1;W35 ;.\Waterdemand2.dfs0
K. TRUONG TOA;10300.0;1;W52 ;.\Waterdemand2.dfs0
K. VINH LOC 1;2122.0;1;W37 ;.\Waterdemand2.dfs0
K. VINH LOC 1;9691.0;1;W37 ;.\Waterdemand2.dfs0
K. VINH LOC 1;9691.0;1;W37 ;.\Waterdemand2.dfs0
K. VINH LOC 1;11295.0;1;W37 ;.\Waterdemand2.dfs0
K. VINH LOC 1;12295.0;1;W37 ;.\Waterdemand2.dfs0
K. VINH LOC 1;15370.0;1;W37 ;.\Waterdemand2.dfs0
K. VINH LOC 2;200.0;1;W31 ;.\Waterdemand2.dfs0
K. VINH LOC 2;2155.0;1;W31 ;.\Waterdemand2.dfs0
K. VINH LOC 2;7045.0;1;W31 ;.\Waterdemand2.dfs0
K. VINH LOC 2;8369.0;1;W31 ;.\Waterdemand2.dfs0
K. VINH LOC 2;10334.0;1;W31 ;.\Waterdemand2.dfs0
K. VINH LOC 2;13387.0;1;W31 ;.\Waterdemand2.dfs0
K. VINH LOC 2;23100.0;1;W31 ;.\Waterdemand2.dfs0
K. VINH LOC 2;24011.0;1;W31 ;.\Waterdemand2.dfs0
K. VINH LOI 1;3261.0;1;W38 ;.\Waterdemand2.dfs0
K. VINH LOI 1;4724.0;1;W38 ;.\Waterdemand2.dfs0
K. VINH LOI 1;12207.0;1;W38 ;.\Waterdemand2.dfs0
K. VINH LOI 1;14445.0;1;W38 ;.\Waterdemand2.dfs0
K. VINH LOI 2;4178.0;1;W32 ;.\Waterdemand2.dfs0
K. VINH LOI 2;9050.0;1;W32 ;.\Waterdemand2.dfs0
K. VINH LOI 2;17517.0;1;W32 ;.\Waterdemand2.dfs0
K. VINH LOI 2;17517.0;1;W32 ;.\Waterdemand2.dfs0
K. VINH MY NGOAI;7517.0;1;W47 ;.\Waterdemand2.dfs0
K. XEO LA;5100.0;1;W54 ;.\Waterdemand2.dfs0
K. XEO LA;5100.0;1;W54 ;.\Waterdemand2.dfs0
K. XEO NHAO;5100.0;1;W54 ;.\Waterdemand2.dfs0
K.13;1883.0;1;W46 ;.\Waterdemand2.dfs0
K.19/5;8000.0;1;W26 ;.\Waterdemand2.dfs0
K.19/5;12000.0;1;W26 ;.\Waterdemand2.dfs0
K.2-9;200.0;1;W23 ;.\Waterdemand2.dfs0
K.BABEO;6806.0;1;W35 ;.\Waterdemand2.dfs0
K.BACLIEUDIVINHCHAU;200.0;1;W46 ;.\Waterdemand2.dfs0
K.BATHUOC_1;741.0;1;W56 ;.\Waterdemand2.dfs0
K.BONGKIEN;2440.0;1;W50 ;.\Waterdemand2.dfs0
K.CHETBUOI;200.0;1;W56 ;.\Waterdemand2.dfs0
K.CongDoan;1655.0;1;W56 ;.\Waterdemand2.dfs0
K.HAISUONG;4913.0;1;W50 ;.\Waterdemand2.dfs0
K.MIEUONGTA_1;200.0;1;W43 ;.\Waterdemand2.dfs0
K.MIEUONGTA_2;200.0;1;W43 ;.\Waterdemand2.dfs0
K.MIEUONGTA3;2989.0;1;W17 ;.\Waterdemand2.dfs0
K.MieuOngTa3;2989.0;1;W17 ;.\Waterdemand2.dfs0
K.MIEUONGTA4;1280.0;1;W17 ;.\Waterdemand2.dfs0
K.ONGTA2;3993.0;1;W39 ;.\Waterdemand2.dfs0
K.THONGNHAT;12000.0;1;W56 ;.\Waterdemand2.dfs0
K.THU5_1;1980.0;1;W54 ;.\Waterdemand2.dfs0
K.TTHON;200.0;1;W50 ;.\Waterdemand2.dfs0
K.XADAT_1;200.0;1;W50 ;.\Waterdemand2.dfs0
K.XADAT_2;200.0;1;W50 ;.\Waterdemand2.dfs0
K10;16568.0;1; PR/100 ;.\Waterdemand2.dfs0
K10 AG;2400.0;1; LXQ/9 ;.\Waterdemand2.dfs0
K10 AG;6575.0;1; LXQ/12 ;.\Waterdemand2.dfs0
K10 AG;13350.0;1; LXQ/12 ;.\Waterdemand2.dfs0
K12;19550.0;1; PR/105 ;.\Waterdemand2.dfs0
K2-9;5625.0;1; PR/108 ;.\Waterdemand2.dfs0
K2-9;9675.0;1; PR/108 ;.\Waterdemand2.dfs0
K2-9;19488.0;1; PR/104 ;.\Waterdemand2.dfs0
K2-9;32400.0;1; PR/104 ;.\Waterdemand2.dfs0
K28;1566.0;1; PR/113 ;.\Waterdemand2.dfs0
K285;1020.0;1; LXQ/7 ;.\Waterdemand2.dfs0
K286;1020.0;1; LXQ/7 ;.\Waterdemand2.dfs0
K30-4;2233.0;1; PR/107 ;.\Waterdemand2.dfs0
K30-4;11167.0;1; PR/107 ;.\Waterdemand2.dfs0
K5;24338.0;1; PR/102 ;.\Waterdemand2.dfs0
K6;3079.0;1; PR/100 ;.\Waterdemand2.dfs0
K6;14071.0;1; PR/101 ;.\Waterdemand2.dfs0
K61;9571.0;1; WEVC/114 ;.\Waterdemand2.dfs0
K61;11690.0;1; WEVC/114 ;.\Waterdemand2.dfs0
K7 AG;2250.0;1; LXQ/10 ;.\Waterdemand2.dfs0
K7 AG;5148.0;1; LXQ/11 ;.\Waterdemand2.dfs0
K7 AG;14575.0;1; LXQ/11 ;.\Waterdemand2.dfs0
K7 AG;23300.0;1; LXQ/12 ;.\Waterdemand2.dfs0
K7 AG;32650.0;1; LXQ/13 ;.\Waterdemand2.dfs0
K7000;3854.0;1;W37 ;.\Waterdemand2.dfs0
K79;13500.0;1; PR/107 ;.\Waterdemand2.dfs0
K79;46300.0;1; PR/107 ;.\Waterdemand2.dfs0
K8000;3000.0;1;W18 ;.\Waterdemand2.dfs0
K8000;29000.0;1;W22 ;.\Waterdemand2.dfs0
K9 AG;10125.0;1; LXQ/11 ;.\Waterdemand2.dfs0
K9 AG;19625.0;1; LXQ/12 ;.\Waterdemand2.dfs0
KA;1525.0;1; LXQ/13 ;.\Waterdemand2.dfs0
KA;7525.0;1; LXQ/14 ;.\Waterdemand2.dfs0
KA;12000.0;1;W16 ;.\Waterdemand2.dfs0
KA;12000.0;1;W16 ;.\Waterdemand2.dfs0
KADAM1;1678.0;1;W16 ;.\Waterdemand2.dfs0
KADAM1;1678.0;1;W16 ;.\Waterdemand2.dfs0
KB;10600.0;1;W16 ;.\Waterdemand2.dfs0
KCANHDENPHOSINH;2598.0;1;W32 ;.\Waterdemand2.dfs0
KCANHDENPHOSINH;7289.0;1;W33 ;.\Waterdemand2.dfs0
KCANHDENPHOSINH;9757.0;1;W33 ;.\Waterdemand2.dfs0
KCANHDENPHOSINH;16614.0;1;W38 ;.\Waterdemand2.dfs0
KCANHDENPHOSINH;17500.0;1;W39 ;.\Waterdemand2.dfs0
KCANHDENPHOSINH;22302.0;1;W38 ;.\Waterdemand2.dfs0
KCANHDENPHOSINH;26118.0;1;W38 ;.\Waterdemand2.dfs0
KCANHDENPHOSINH;26742.0;1;W39 ;.\Waterdemand2.dfs0
KCHOHOIHUYENSU;3359.0;1;W43 ;.\Waterdemand2.dfs0
KCHOHOIHUYENSU;6764.0;1;W44 ;.\Waterdemand2.dfs0
KCHOHOIHUYENSU;16354.0;1;W40 ;.\Waterdemand2.dfs0
KCHOHOIHUYENSU2;30305.0;1;W34 ;.\Waterdemand2.dfs0
KENGCHONGMY;5000.0;1;W54 ;.\Waterdemand2.dfs0
Kenh T3;2000.0;1; LXQ/2 ;.\Waterdemand2.dfs0
Kenh T3;3300.0;1; LXQ/2 ;.\Waterdemand2.dfs0
Kenh T3;12500.0;1; LXQ/2 ;.\Waterdemand2.dfs0
Kenh T3;20211.0;1; LXQ/2 ;.\Waterdemand2.dfs0
Kenh T4;2250.0;1; LXQ/3 ;.\Waterdemand2.dfs0
Kenh T4;13000.0;1; LXQ/3 ;.\Waterdemand2.dfs0
Kenh T4;22000.0;1; LXQ/3 ;.\Waterdemand2.dfs0
Kenh T5;6000.0;1; LXQ/3 ;.\Waterdemand2.dfs0
Kenh T5;14000.0;1; LXQ/3 ;.\Waterdemand2.dfs0
Kenh T5;22000.0;1; LXQ/3 ;.\Waterdemand2.dfs0
Kenh T6;8275.0;1; LXQ/4 ;.\Waterdemand2.dfs0
Kenh T6;16000.0;1; LXQ/4 ;.\Waterdemand2.dfs0
Kenh_Bong_Sung;681.0;1; NMT/78 ;.\Waterdemand2.dfs0
KENH_LO;7333.0;1;W17 ;.\Waterdemand2.dfs0
KENH_THAY_CAI;885.0;1;W19 ;.\Waterdemand2.dfs0
KENH_XEO_VUONG;1274.0;1;W19 ;.\Waterdemand2.dfs0
KENH5APTY;3037.0;1;W53 ;.\Waterdemand2.dfs0
KENHBANGANDAI;4358.0;1;W52 ;.\Waterdemand2.dfs0
KENHBOBAO;200.0;1;W55 ;.\Waterdemand2.dfs0
KENHBOBAO;3740.0;1;W57 ;.\Waterdemand2.dfs0
KENHBOBAO;14000.0;1;W57 ;.\Waterdemand2.dfs0
KENHBOBAO;24000.0;1;W57 ;.\Waterdemand2.dfs0
KENHCHONGMY;5864.0;1;W54 ;.\Waterdemand2.dfs0
KENHCHONGMY;21810.0;1;W54 ;.\Waterdemand2.dfs0
KENHCHONGMY;32500.0;1;W54 ;.\Waterdemand2.dfs0
KENHCHONGMY;48128.0;1;W54 ;.\Waterdemand2.dfs0
KENHCOINAM2;200.0;1;W58 ;.\Waterdemand2.dfs0
KENHCOINAM2;3000.0;1;W58 ;.\Waterdemand2.dfs0
KENHKIEMKG1;4374.0;1;W53 ;.\Waterdemand2.dfs0
KENHKIMQUYKG2;2643.0;1;W53 ;.\Waterdemand2.dfs0
KENHLOMOIKG1;2018.0;1;W52 ;.\Waterdemand2.dfs0
KENHLOMOIKG2;1268.0;1;W52 ;.\Waterdemand2.dfs0
KENHLOMOIKG2;3125.0;1;W52 ;.\Waterdemand2.dfs0
KENHMIEUONGTA;200.0;1;W52 ;.\Waterdemand2.dfs0
KENHMOI;3000.0;1;W52 ;.\Waterdemand2.dfs0
KENHMUOIQUANG;3404.0;1;W53 ;.\Waterdemand2.dfs0
KENHNOIAB3;1685.0;1;W54 ;.\Waterdemand2.dfs0
KENHNOIHMBN;1990.0;1;W56 ;.\Waterdemand2.dfs0
KENHNOITVT4;3000.0;1;W58 ;.\Waterdemand2.dfs0
KENHNOIUM2;200.0;1;W53 ;.\Waterdemand2.dfs0
KENHRANH(4000)_3;200.0;1;W18 ;.\Waterdemand2.dfs0
KENHSOKHONG;500.0;1;W57 ;.\Waterdemand2.dfs0
KENHSOKHONG;5541.0;1;W57 ;.\Waterdemand2.dfs0
KENHSOKHONG;5541.0;1;W57 ;.\Waterdemand2.dfs0
KENHSOKHONG;9631.0;1;W57 ;.\Waterdemand2.dfs0
KENHSOKHONG2;5841.0;1;W57 ;.\Waterdemand2.dfs0
KENHSOKHONG2;7162.0;1;W57 ;.\Waterdemand2.dfs0
KenhTac;1772.0;1;W18 ;.\Waterdemand2.dfs0
KENHTAYSON;3000.0;1;W52 ;.\Waterdemand2.dfs0
KENHTAYSON;6000.0;1;W52 ;.\Waterdemand2.dfs0
KENHTHAYCAI;3000.0;1;W52 ;.\Waterdemand2.dfs0
KENHTHAYCAI1;6000.0;1;W54 ;.\Waterdemand2.dfs0
KENHTHAYCAI1;6000.0;1;W54 ;.\Waterdemand2.dfs0
KENHTHUBA1;2108.0;1;W54 ;.\Waterdemand2.dfs0
KENHTHUBA1;2108.0;1;W54 ;.\Waterdemand2.dfs0
KENHTHUBA2;757.0;1;W54 ;.\Waterdemand2.dfs0
KENHTHUBA2;2345.0;1;W54 ;.\Waterdemand2.dfs0
KENHTHUBA3;2013.0;1;W52 ;.\Waterdemand2.dfs0
KENHTHUBA3;3163.0;1;W52 ;.\Waterdemand2.dfs0
KENHTHUBA4;3434.0;1;W52 ;.\Waterdemand2.dfs0
KENHTHUBA4;4283.0;1;W52 ;.\Waterdemand2.dfs0
KENHTHUHAI3;3932.0;1;W52 ;.\Waterdemand2.dfs0
KENHTHUNAM1;1281.0;1;W54 ;.\Waterdemand2.dfs0
KENHTHUNAM1;1281.0;1;W54 ;.\Waterdemand2.dfs0
KENHTHUNAM2;324.0;1;W54 ;.\Waterdemand2.dfs0
KENHTHUSAU2;500.0;1;W54 ;.\Waterdemand2.dfs0
KENHTHUSAU2;2732.0;1;W54 ;.\Waterdemand2.dfs0
KENHTOICANH;4000.0;1;W52 ;.\Waterdemand2.dfs0
KENHUMINH;12252.0;1;W53 ;.\Waterdemand2.dfs0
KENHUMINH2;10000.0;1;W53 ;.\Waterdemand2.dfs0
KENHUMINH2;36000.0;1;W53 ;.\Waterdemand2.dfs0
KENHUMINH2;40000.0;1;W53 ;.\Waterdemand2.dfs0
KENHUMINH3;200.0;1;W53 ;.\Waterdemand2.dfs0
KENHUMINH3;9000.0;1;W53 ;.\Waterdemand2.dfs0
KENHUMINH3;22283.0;1;W53 ;.\Waterdemand2.dfs0
KENHUMINH3;24000.0;1;W53 ;.\Waterdemand2.dfs0
KENHUMINH3;28000.0;1;W53 ;.\Waterdemand2.dfs0
KENHUMINH4;3547.0;1;W53 ;.\Waterdemand2.dfs0
KF;4250.0;1; LXQ/14 ;.\Waterdemand2.dfs0
KF;8325.0;1; LXQ/14 ;.\Waterdemand2.dfs0
KG03_04;2994.0;1;W17 ;.\Waterdemand2.dfs0
KG19_20;3168.0;1;W52 ;.\Waterdemand2.dfs0
KG19_20;8071.0;1;W52 ;.\Waterdemand2.dfs0
KH;23600.0;1;W16 ;.\Waterdemand2.dfs0
KH1;1261.0;1;W16 ;.\Waterdemand2.dfs0
KH1;8000.0;1;W16 ;.\Waterdemand2.dfs0
KH1;13269.0;1;W16 ;.\Waterdemand2.dfs0
KH12;2992.0;1;W16 ;.\Waterdemand2.dfs0
KH12;3730.0;1;W16 ;.\Waterdemand2.dfs0
KH12;9091.0;1;W16 ;.\Waterdemand2.dfs0
KH12;12183.0;1;W16 ;.\Waterdemand2.dfs0
KH12;15184.0;1;W16 ;.\Waterdemand2.dfs0
KH12;24187.0;1;W16 ;.\Waterdemand2.dfs0
KH12;30489.0;1;W16 ;.\Waterdemand2.dfs0
KH12;31538.0;1;W16 ;.\Waterdemand2.dfs0
KH12;36586.0;1;W16 ;.\Waterdemand2.dfs0
KH12;42506.0;1;W16 ;.\Waterdemand2.dfs0
KH3;4000.0;1;W16 ;.\Waterdemand2.dfs0
KH3;4909.0;1;W16 ;.\Waterdemand2.dfs0
KH3;14917.0;1;W16 ;.\Waterdemand2.dfs0
KH3;17706.0;1;W16 ;.\Waterdemand2.dfs0
KH3;33760.0;1;W16 ;.\Waterdemand2.dfs0
KH51;3685.0;1;W17 ;.\Waterdemand2.dfs0
KH51;9032.0;1;W17 ;.\Waterdemand2.dfs0
KH51;12096.0;1;W17 ;.\Waterdemand2.dfs0
KH51;26821.0;1;W17 ;.\Waterdemand2.dfs0
KH6;14935.0;1;W17 ;.\Waterdemand2.dfs0
KH6;18000.0;1;W17 ;.\Waterdemand2.dfs0
KH6;18000.0;1;W17 ;.\Waterdemand2.dfs0
KH6;25304.0;1;W17 ;.\Waterdemand2.dfs0
KH6;35000.0;1;W17 ;.\Waterdemand2.dfs0
KH6;39000.0;1;W17 ;.\Waterdemand2.dfs0
KH7;3000.0;1;W17 ;.\Waterdemand2.dfs0
KH7;7000.0;1;W17 ;.\Waterdemand2.dfs0
KH7;18000.0;1;W17 ;.\Waterdemand2.dfs0
KH7;20000.0;1;W17 ;.\Waterdemand2.dfs0
KH8;14363.0;1;W18 ;.\Waterdemand2.dfs0
KH8;15000.0;1;W18 ;.\Waterdemand2.dfs0
KH8;25000.0;1;W18 ;.\Waterdemand2.dfs0
KH92;13067.0;1;W18 ;.\Waterdemand2.dfs0
KH92;23308.0;1;W18 ;.\Waterdemand2.dfs0
KH92;33142.0;1;W18 ;.\Waterdemand2.dfs0
KHAO DIEN;3000.0;1;W34 ;.\Waterdemand2.dfs0
KHONG TEN1;200.0;1;W37 ;.\Waterdemand2.dfs0
KHONG TEN1;2000.0;1;W37 ;.\Waterdemand2.dfs0
Kien Binh;1375.0;1; LXQ/15 ;.\Waterdemand2.dfs0
Kien Hao CNG;2851.0;1; LXQ/13 ;.\Waterdemand2.dfs0
Kien Hao CNG;14669.0;1; LXQ/13 ;.\Waterdemand2.dfs0
Kien Hao CNG;29377.0;1; LXQ/13 ;.\Waterdemand2.dfs0
Kien Hao CNG;49943.0;1; LXQ/13 ;.\Waterdemand2.dfs0
Kien Hao CNG;53501.0;1; LXQ/13 ;.\Waterdemand2.dfs0
KINH 5;12082.0;1;W55 ;.\Waterdemand2.dfs0
klonguong1;4700.0;1; GC/97 ;.\Waterdemand2.dfs0
KMOICM;10643.0;1;W61 ;.\Waterdemand2.dfs0
KRATIEFL;6950.0;1;KKK;
KTHOMAIDONGCUNG;4845.0;1;W61 ;.\Waterdemand2.dfs0
KTHOMAIDONGCUNG;7728.0;1;W61 ;.\Waterdemand2.dfs0
KVINHMYPHUOCLONG;22658.0;1;W37 ;.\Waterdemand2.dfs0
KVINHMYPHUOCLONG;28901.0;1;W37 ;.\Waterdemand2.dfs0
KVINHMYPHUOCLONG1;10573.0;1;W32 ;.\Waterdemand2.dfs0
KVINHMYPHUOCLONG1;16808.0;1;W31 ;.\Waterdemand2.dfs0
KVINHMYPHUOCLONG1;17722.0;1;W32 ;.\Waterdemand2.dfs0
KVINHMYPHUOCLONG1;19756.0;1;W31 ;.\Waterdemand2.dfs0
KVINHMYPHUOCLONG1;21631.0;1;W32 ;.\Waterdemand2.dfs0
L612;2283.0;1;W18 ;.\Waterdemand2.dfs0
LAI HIEU;2408.0;1;W19 ;.\Waterdemand2.dfs0
LAI HIEU;13719.0;1;W21 ;.\Waterdemand2.dfs0
LAI HIEU;16817.0;1;W21 ;.\Waterdemand2.dfs0
LAI HIEU;21268.0;1;W21 ;.\Waterdemand2.dfs0
LAI VIET;7000.0;1;W36 ;.\Waterdemand2.dfs0
LAM TRA;4000.0;1;W28 ;.\Waterdemand2.dfs0
LANG SEN;3000.0;1;W19 ;.\Waterdemand2.dfs0
LANGSAC_CANAL;2711.0;1; SMT/84 ;.\Waterdemand2.dfs0
LANGSAC_CANAL;10285.0;1; SMT/86 ;.\Waterdemand2.dfs0
Lap Vo;45983.0;1; NMT/75 ;.\Waterdemand2.dfs0
LAU BANG;2700.0;1;W34 ;.\Waterdemand2.dfs0
LAUQUOCGIA;200.0;1;W62 ;.\Waterdemand2.dfs0
LAUQUOCGIA;3000.0;1;W62 ;.\Waterdemand2.dfs0
LE LE;1400.0;1;W36 ;.\Waterdemand2.dfs0
LE LE;3000.0;1;W36 ;.\Waterdemand2.dfs0
LE LE;3000.0;1;W36 ;.\Waterdemand2.dfs0
LO CA LAM A;3000.0;1;W28 ;.\Waterdemand2.dfs0
LO CA LAM A;3000.0;1;W28 ;.\Waterdemand2.dfs0
LO CHAT DOT;200.0;1;W30 ;.\Waterdemand2.dfs0
LO CHAT DOT;1500.0;1;W30 ;.\Waterdemand2.dfs0
LO CHAT DOT;3500.0;1;W30 ;.\Waterdemand2.dfs0
LO CHAT DOT;4500.0;1;W30 ;.\Waterdemand2.dfs0
LO XE;346.0;1;W37 ;.\Waterdemand2.dfs0
LO XE;2000.0;1;W37 ;.\Waterdemand2.dfs0
Long An;1500.0;1; NMT/75 ;.\Waterdemand2.dfs0
Long An;4500.0;1; NMT/75 ;.\Waterdemand2.dfs0
LONG MY 1;4099.0;1;W22 ;.\Waterdemand2.dfs0
LONG MY 1;12570.0;1;W22 ;.\Waterdemand2.dfs0
LONG MY 2;20000.0;1;W22 ;.\Waterdemand2.dfs0
LONG_HIEPCR;3000.0;1; SMT/85 ;.\Waterdemand2.dfs0
LONGMY2;1329.0;1;W22 ;.\Waterdemand2.dfs0
LOXE3;3525.0;1;W22 ;.\Waterdemand2.dfs0
LTNANG;3000.0;1;W21 ;.\Waterdemand2.dfs0
LTTRAN1;3507.0;1;W60 ;.\Waterdemand2.dfs0
LTTRAN2;2940.0;1;W59 ;.\Waterdemand2.dfs0
Lung Lon;3600.0;1; LXQ/7 ;.\Waterdemand2.dfs0
Lung Lon 2;2000.0;1; LXQ/7 ;.\Waterdemand2.dfs0
Lung Lon 2;7250.0;1; LXQ/7 ;.\Waterdemand2.dfs0
LUNG QUOC;200.0;1;W41 ;.\Waterdemand2.dfs0
LUNGROGHE2;3000.0;1;W54 ;.\Waterdemand2.dfs0
Mac Can Dung;16675.0;1; LXQ/13 ;.\Waterdemand2.dfs0
MAC DAY;200.0;1;W30 ;.\Waterdemand2.dfs0
Mang Thit;3456.0;1; SMT/81 ;.\Waterdemand2.dfs0
Mang Thit;8488.0;1; NMT/80 ;.\Waterdemand2.dfs0
Mang Thit;16025.0;1; NMT/80 ;.\Waterdemand2.dfs0
Mang Thit;31923.0;1; NMT/80 ;.\Waterdemand2.dfs0
Mareng;7644.0;1; WEVC/115 ;.\Waterdemand2.dfs0
Mareng;30637.0;1; WEVC/114 ;.\Waterdemand2.dfs0
MAYTUC;3000.0;1; SMT/81 ;.\Waterdemand2.dfs0
MIEU HOI;200.0;1;W29 ;.\Waterdemand2.dfs0
MIEU HOI;2000.0;1;W29 ;.\Waterdemand2.dfs0
MINHHA;24000.0;1;W57 ;.\Waterdemand2.dfs0
MIT13_14;1762.0;1; SMT/81 ;.\Waterdemand2.dfs0
Moi;2500.0;1; LXQ/4 ;.\Waterdemand2.dfs0
MOT NGAN;4000.0;1;W20 ;.\Waterdemand2.dfs0
MOTNGAN_1;1975.0;1;W18 ;.\Waterdemand2.dfs0
MOTNGAN_1;3844.0;1;W18 ;.\Waterdemand2.dfs0
MOTNGAN_2;2121.0;1;W18 ;.\Waterdemand2.dfs0
MotNgan_2;2121.0;1;W18 ;.\Waterdemand2.dfs0
MTALIEM;200.0;1;W26 ;.\Waterdemand2.dfs0
MTT04;1523.0;1; SMT/81 ;.\Waterdemand2.dfs0
MTT37;1622.0;1; SMT/82 ;.\Waterdemand2.dfs0
Muoi Chau Phu;1600.0;1; LXQ/12 ;.\Waterdemand2.dfs0
Muoi Chau Phu;4300.0;1; LXQ/12 ;.\Waterdemand2.dfs0
Muoi Chau Phu;11100.0;1; LXQ/12 ;.\Waterdemand2.dfs0
MUOI THUOC;3000.0;1;W38 ;.\Waterdemand2.dfs0
MUONG DIEU;4000.0;1;W23 ;.\Waterdemand2.dfs0
MUONG DIEU;4000.0;1;W23 ;.\Waterdemand2.dfs0
MUONGDAOR;6000.0;1;W62 ;.\Waterdemand2.dfs0
MY HOI;6000.0;1;W23 ;.\Waterdemand2.dfs0
MY HOI;6000.0;1;W23 ;.\Waterdemand2.dfs0
MY HUNG;3000.0;1;W27 ;.\Waterdemand2.dfs0
My Long BK;15332.0;1; PR/99 ;.\Waterdemand2.dfs0
My Thai;15523.0;1; LXQ/12 ;.\Waterdemand2.dfs0
My Thai;30144.0;1; LXQ/12 ;.\Waterdemand2.dfs0
MY THANH;9435.0;1;W25 ;.\Waterdemand2.dfs0
My Thanh;9435.0;1;W46 ;.\Waterdemand2.dfs0
MY THANH;24431.0;1;W46 ;.\Waterdemand2.dfs0
MY THUAN;4000.0;1;W19 ;.\Waterdemand2.dfs0
NANG HUY;200.0;1;W41 ;.\Waterdemand2.dfs0
NANG MAU;2079.0;1;W19 ;.\Waterdemand2.dfs0
NANG MAU;8217.0;1;W19 ;.\Waterdemand2.dfs0
NANG MAU;19078.0;1;W19 ;.\Waterdemand2.dfs0
NANG MAU;22702.0;1;W19 ;.\Waterdemand2.dfs0
NANG MAU;22702.0;1;W19 ;.\Waterdemand2.dfs0
NANG MAU;28441.0;1;W21 ;.\Waterdemand2.dfs0
NANG MAU;32352.0;1;W21 ;.\Waterdemand2.dfs0
NANG MAU;36414.0;1;W21 ;.\Waterdemand2.dfs0
NANG MAU;44274.0;1;W21 ;.\Waterdemand2.dfs0
NANG MAU 2;3098.0;1;W19 ;.\Waterdemand2.dfs0
NANG MAU 2;8117.0;1;W19 ;.\Waterdemand2.dfs0
NANG MAU 2;23974.0;1;W20 ;.\Waterdemand2.dfs0
NANG RENNHO;3000.0;1;W29 ;.\Waterdemand2.dfs0
NANG RENNHO;3000.0;1;W29 ;.\Waterdemand2.dfs0
NCHANG RE;200.0;1;W29 ;.\Waterdemand2.dfs0
NDTHONGLUU;7000.0;1;W36 ;.\Waterdemand2.dfs0
NGA BAT;2000.0;1;W19 ;.\Waterdemand2.dfs0
NGBXAU;4000.0;1;W26 ;.\Waterdemand2.dfs0
NGBXAU;4000.0;1;W26 ;.\Waterdemand2.dfs0
NGBXAU;13800.0;1;W26 ;.\Waterdemand2.dfs0
Nguyen Tan Thanh;5830.0;1; PR/99 ;.\Waterdemand2.dfs0
Nguyen Van Tiep2;31032.0;1; PR/106 ;.\Waterdemand2.dfs0
Nguyen Van Tiep2;42494.0;1; PR/106 ;.\Waterdemand2.dfs0
Nguyen Van Tiep2;48783.0;1; TA/98 ;.\Waterdemand2.dfs0
Nguyen Van Tiep2;53789.0;1; TA/98 ;.\Waterdemand2.dfs0
Nguyen Van Tiep2;57762.0;1; PR/106 ;.\Waterdemand2.dfs0
Nha Man TT;9430.0;1; NMT/79 ;.\Waterdemand2.dfs0
NHAN DAN;2000.0;1;W34 ;.\Waterdemand2.dfs0
NHAT TAO;1000.0;1;W22 ;.\Waterdemand2.dfs0
NHI THO;1000.0;1;W30 ;.\Waterdemand2.dfs0
NHI THO;2218.0;1;W30 ;.\Waterdemand2.dfs0
NHI THO;4000.0;1;W30 ;.\Waterdemand2.dfs0
NHU_GIA;10599.0;1;W28 ;.\Waterdemand2.dfs0
NHU_GIA;11899.0;1;W27 ;.\Waterdemand2.dfs0
NHU_GIA;27655.0;1;W26 ;.\Waterdemand2.dfs0
NHU_GIA;30686.0;1;W26 ;.\Waterdemand2.dfs0
NHU_GIA;33560.0;1;W26 ;.\Waterdemand2.dfs0
NHU_GIA;43685.0;1;W26 ;.\Waterdemand2.dfs0
NHU_GIA;52724.0;1;W30 ;.\Waterdemand2.dfs0
NHU_GIA;53998.0;1;W30 ;.\Waterdemand2.dfs0
Ninh Phuoc;2100.0;1; LXQ/4 ;.\Waterdemand2.dfs0
NNLON;2000.0;1;W23 ;.\Waterdemand2.dfs0
NO 1;4039.0;1;W23 ;.\Waterdemand2.dfs0
NO 1;9590.0;1;W23 ;.\Waterdemand2.dfs0
NO 1;9590.0;1;W23 ;.\Waterdemand2.dfs0
NO 1;13742.0;1;W23 ;.\Waterdemand2.dfs0
NO.10000;200.0;1;W37 ;.\Waterdemand2.dfs0
NO.3000;8000.0;1;W38 ;.\Waterdemand2.dfs0
NO.3000;12000.0;1;W38 ;.\Waterdemand2.dfs0
NO.3000;21887.0;1;W39 ;.\Waterdemand2.dfs0
NO.5000;11773.0;1;W38 ;.\Waterdemand2.dfs0
NO.5000;12974.0;1;W38 ;.\Waterdemand2.dfs0
NO.5000;20794.0;1;W39 ;.\Waterdemand2.dfs0
NO.5000;20794.0;1;W39 ;.\Waterdemand2.dfs0
NO.5000;24000.0;1;W39 ;.\Waterdemand2.dfs0
NOC NANG;2000.0;1;W33 ;.\Waterdemand2.dfs0
NOC NANG;6000.0;1;W33 ;.\Waterdemand2.dfs0
NOI TRA LIEM;4000.0;1;W26 ;.\Waterdemand2.dfs0
Nong Truong;2216.0;1; LXQ/2 ;.\Waterdemand2.dfs0
Nong Truong;14552.0;1; LXQ/2 ;.\Waterdemand2.dfs0
Nong Truong;18453.0;1; LXQ/2 ;.\Waterdemand2.dfs0
NTL 11000;200.0;1;W38 ;.\Waterdemand2.dfs0
NTL 12000;500.0;1;W38 ;.\Waterdemand2.dfs0
NTL 14000;200.0;1;W38 ;.\Waterdemand2.dfs0
NTL 3000;4830.0;1;W38 ;.\Waterdemand2.dfs0
NTL 3000;9000.0;1;W38 ;.\Waterdemand2.dfs0
NTL 7000;200.0;1;W38 ;.\Waterdemand2.dfs0
NTL 7000;4000.0;1;W38 ;.\Waterdemand2.dfs0
NTL 8000;5000.0;1;W38 ;.\Waterdemand2.dfs0
NTL 9000;5000.0;1;W38 ;.\Waterdemand2.dfs0
NTL 9000;9000.0;1;W38 ;.\Waterdemand2.dfs0
NTL 9000;9000.0;1;W38 ;.\Waterdemand2.dfs0
NUOC MAN;7441.0;1;W16 ;.\Waterdemand2.dfs0
NUOC NAN;1000.0;1;W30 ;.\Waterdemand2.dfs0
O MON;6268.0;1;W18 ;.\Waterdemand2.dfs0
O MON;8167.0;1;W17 ;.\Waterdemand2.dfs0
O MON;12000.0;1;W17 ;.\Waterdemand2.dfs0
O MON;16000.0;1;W18 ;.\Waterdemand2.dfs0
O MON;17000.0;1;W18 ;.\Waterdemand2.dfs0
O MON;19000.0;1;W18 ;.\Waterdemand2.dfs0
O MON;21000.0;1;W17 ;.\Waterdemand2.dfs0
O MON;23000.0;1;W18 ;.\Waterdemand2.dfs0
O MON;25000.0;1;W17 ;.\Waterdemand2.dfs0
O MON;26000.0;1;W18 ;.\Waterdemand2.dfs0
O MON;27000.0;1;W17 ;.\Waterdemand2.dfs0
O MON;30000.0;1;W17 ;.\Waterdemand2.dfs0
O MON;30000.0;1;W18 ;.\Waterdemand2.dfs0
O MON;40000.0;1;W18 ;.\Waterdemand2.dfs0
O MON;45000.0;1;W18 ;.\Waterdemand2.dfs0
O MON;48000.0;1;W18 ;.\Waterdemand2.dfs0
Ong Chuong;10866.0;1; NMT/74 ;.\Waterdemand2.dfs0
Ong Chuong;19773.0;1; NMT/74 ;.\Waterdemand2.dfs0
ONG DOC;2285.0;1;W59 ;.\Waterdemand2.dfs0
ONG DOC;9044.0;1;W58 ;.\Waterdemand2.dfs0
ONG DOC;11140.0;1;W59 ;.\Waterdemand2.dfs0
ONG DOC;17728.0;1;W59 ;.\Waterdemand2.dfs0
ONG DOC;27504.0;1;W61 ;.\Waterdemand2.dfs0
ONG HOACH;2000.0;1;W19 ;.\Waterdemand2.dfs0
ONG HOACH;3000.0;1;W19 ;.\Waterdemand2.dfs0
ONG HUONG;1623.0;1;W45 ;.\Waterdemand2.dfs0
ONG RO;2000.0;1;W41 ;.\Waterdemand2.dfs0
ONG RO;2000.0;1;W41 ;.\Waterdemand2.dfs0
OngQuang;2232.0;1;W18 ;.\Waterdemand2.dfs0
Phu Duc;1950.0;1; PR/108 ;.\Waterdemand2.dfs0
Phu Duc;12475.0;1; PR/108 ;.\Waterdemand2.dfs0
PHU NO;6000.0;1;W23 ;.\Waterdemand2.dfs0
Phu Thanh;1750.0;1; PR/108 ;.\Waterdemand2.dfs0
Phu Thanh;20500.0;1; PR/104 ;.\Waterdemand2.dfs0
Phung Thot;2250.0;1; PR/105 ;.\Waterdemand2.dfs0
Phuoc Xuyen2;4717.0;1; PR/108 ;.\Waterdemand2.dfs0
Phuoc Xuyen2;11373.0;1; PR/107 ;.\Waterdemand2.dfs0
Phuoc Xuyen2;11373.0;1; PR/108 ;.\Waterdemand2.dfs0
Phuoc Xuyen2;18686.0;1; PR/107 ;.\Waterdemand2.dfs0
Phuoc Xuyen2;28549.0;1; PR/104 ;.\Waterdemand2.dfs0
Phuoc Xuyen2;38128.0;1; PR/105 ;.\Waterdemand2.dfs0
Phuoc Xuyen2;49454.0;1; PR/103 ;.\Waterdemand2.dfs0
PL12_13;2385.0;1;W23 ;.\Waterdemand2.dfs0
PL16_PL30;1752.0;1;W22 ;.\Waterdemand2.dfs0
PS-CS 1;2000.0;1;W33 ;.\Waterdemand2.dfs0
PS-CS 1;2000.0;1;W33 ;.\Waterdemand2.dfs0
PS-CS 1;4500.0;1;W33 ;.\Waterdemand2.dfs0
PTN 1000;6000.0;1;W39 ;.\Waterdemand2.dfs0
PTN 1000;6000.0;1;W39 ;.\Waterdemand2.dfs0
PTN 3000;6000.0;1;W39 ;.\Waterdemand2.dfs0
PTN 3000;6000.0;1;W39 ;.\Waterdemand2.dfs0
PTN 5000;200.0;1;W39 ;.\Waterdemand2.dfs0
PTN 7000;6459.0;1;W39 ;.\Waterdemand2.dfs0
QUAN LO PH;200.0;1;W27 ;.\Waterdemand2.dfs0
Quan Lo PH;3936.0;1;W22 ;.\Waterdemand2.dfs0
QUAN LO PH;15793.0;1;W36 ;.\Waterdemand2.dfs0
QUAN LO PH;22797.0;1;W36 ;.\Waterdemand2.dfs0
QUAN LO PH;24381.0;1;W29 ;.\Waterdemand2.dfs0
QUAN LO PH;29133.0;1;W37 ;.\Waterdemand2.dfs0
QUAN LO PH;40170.0;1;W38 ;.\Waterdemand2.dfs0
Quan Lo PH;41146.0;1;W32 ;.\Waterdemand2.dfs0
Quan Lo PH;45867.0;1;W38 ;.\Waterdemand2.dfs0
QUAN LO PH;50588.0;1;W39 ;.\Waterdemand2.dfs0
QUAN LO PH;68102.0;1;W35 ;.\Waterdemand2.dfs0
QUAN LO PH;72782.0;1;W35 ;.\Waterdemand2.dfs0
QUAN LO PH;75583.0;1;W35 ;.\Waterdemand2.dfs0
QUAN LO PH;80008.0;1;W35 ;.\Waterdemand2.dfs0
QUOCPHONG14;1954.0;1;W54 ;.\Waterdemand2.dfs0
QUOCPHONG9;1691.0;1;W54 ;.\Waterdemand2.dfs0
R. THU NHAT;1945.0;1;W54 ;.\Waterdemand2.dfs0
R. THU NHAT;9741.0;1;W54 ;.\Waterdemand2.dfs0
R. THU NHAT;9741.0;1;W54 ;.\Waterdemand2.dfs0
R. Thuong Luong1;240.0;1;W54 ;.\Waterdemand2.dfs0
R.CAISU;6884.0;1;W50 ;.\Waterdemand2.dfs0
R.CAYT;3017.0;1;W50 ;.\Waterdemand2.dfs0
R.LUNGNGANG_1;9253.0;1;W56 ;.\Waterdemand2.dfs0
R.TAMTRIEU_1;1119.0;1;W50 ;.\Waterdemand2.dfs0
R.TAMTRIEU_1;8850.0;1;W50 ;.\Waterdemand2.dfs0
R.XeoDoi2;2000.0;1;W54 ;.\Waterdemand2.dfs0
RACH CA;1000.0;1;W36 ;.\Waterdemand2.dfs0
RACH CA;2088.0;1;W36 ;.\Waterdemand2.dfs0
RACH CAI NHAP;200.0;1;W65 ;.\Waterdemand2.dfs0
Rach Gia HT;16407.0;1; LXQ/15 ;.\Waterdemand2.dfs0
Rach Gia HT;42652.0;1; LXQ/7 ;.\Waterdemand2.dfs0
Rach Gia HT;61434.0;1; LXQ/7 ;.\Waterdemand2.dfs0
Rach Gia HT;73603.0;1; LXQ/6 ;.\Waterdemand2.dfs0
Rach Gia HT;76789.0;1; LXQ/6 ;.\Waterdemand2.dfs0
Rach Gia HT;79323.0;1; LXQ/2 ;.\Waterdemand2.dfs0
Rach Gia HT;87599.0;1; LXQ/6 ;.\Waterdemand2.dfs0
Rach Gia LX;8692.0;1; LXQ/14 ;.\Waterdemand2.dfs0
Rach Gia LX;24393.0;1; LXQ/13 ;.\Waterdemand2.dfs0
Rach Gia LX;51263.0;1; LXQ/13 ;.\Waterdemand2.dfs0
Rach Gia LX;57251.0;1; LXQ/13 ;.\Waterdemand2.dfs0
Rach Goc;4515.0;1; WEVC/115 ;.\Waterdemand2.dfs0
Rach Sao;2100.0;1; PR/104 ;.\Waterdemand2.dfs0
Rach Sao;8975.0;1; PR/104 ;.\Waterdemand2.dfs0
RACH SEN3;1300.0;1;W26 ;.\Waterdemand2.dfs0
Rach Tram MB;13500.0;1; WEVC/115 ;.\Waterdemand2.dfs0
Rach Tram MB;22150.0;1; WEVC/115 ;.\Waterdemand2.dfs0
RACH_BA_THANH;8059.0;1;W66 ;.\Waterdemand2.dfs0
RACH_BA_THANH;10813.0;1;W66 ;.\Waterdemand2.dfs0
Rach_Cai_Dam;3648.0;1; NMT/70 ;.\Waterdemand2.dfs0
RACH_CAI_DAU;921.0;1;W19 ;.\Waterdemand2.dfs0
RACH_CAI_DAU;3957.0;1;W19 ;.\Waterdemand2.dfs0
RACH_CHANH;4451.0;1;W18 ;.\Waterdemand2.dfs0
RACH_DUONG_KEO2;20996.0;1;W66 ;.\Waterdemand2.dfs0
Rach_Ho;5785.0;1; PR/103 ;.\Waterdemand2.dfs0
Rach_Sanh_Nhien;994.0;1; NMT/77 ;.\Waterdemand2.dfs0
RACH_TRA_NIEN_LON;3891.0;1;W18 ;.\Waterdemand2.dfs0
RACHMONGHOA;3000.0;1;W52 ;.\Waterdemand2.dfs0
RACHMONGHOA;3000.0;1;W52 ;.\Waterdemand2.dfs0
RACHNHUM;3500.0;1;W18 ;.\Waterdemand2.dfs0
RACHONGDUA_1;2381.0;1;W18 ;.\Waterdemand2.dfs0
RACHRAUDUA;200.0;1;W61 ;.\Waterdemand2.dfs0
RACHRAUDUA;3000.0;1;W61 ;.\Waterdemand2.dfs0
RACHRUONG1;5754.0;1;W58 ;.\Waterdemand2.dfs0
RACHTHUCHIN1;1737.0;1;W54 ;.\Waterdemand2.dfs0
RACHTHUCHIN1;3716.0;1;W54 ;.\Waterdemand2.dfs0
RACHTHUCHIN2;2940.0;1;W54 ;.\Waterdemand2.dfs0
RACHTHUCHIN2;4942.0;1;W54 ;.\Waterdemand2.dfs0
RACHTHUCHIN2;4942.0;1;W54 ;.\Waterdemand2.dfs0
RACHTRAQUAN;2000.0;1;W52 ;.\Waterdemand2.dfs0
RACHXEODUOC;3807.0;1;W52 ;.\Waterdemand2.dfs0
RACHXEOVET;3709.0;1;W54 ;.\Waterdemand2.dfs0
RACHXEOVET;3709.0;1;W54 ;.\Waterdemand2.dfs0
RANH;2124.0;1;W20 ;.\Waterdemand2.dfs0
RANH HAT;24900.0;1;W18 ;.\Waterdemand2.dfs0
RANHHAT1;2087.0;1;W43 ;.\Waterdemand2.dfs0
RANHHAT2;3676.0;1;W43 ;.\Waterdemand2.dfs0
RANHHAT2;5689.0;1;W43 ;.\Waterdemand2.dfs0
RANHTINH;200.0;1;W18 ;.\Waterdemand2.dfs0
RANHTINH;1098.0;1;W18 ;.\Waterdemand2.dfs0
Rau Cau;10807.0;1; NMT/79 ;.\Waterdemand2.dfs0
RAY;8000.0;1;W28 ;.\Waterdemand2.dfs0
RE;200.0;1;W26 ;.\Waterdemand2.dfs0
RUNG;2000.0;1;W30 ;.\Waterdemand2.dfs0
RXEOQUAO;3285.0;1;W54 ;.\Waterdemand2.dfs0
S. BL K DOI;1825.0;1; CD/118 ;.\Waterdemand2.dfs0
S. CUA LON-BO DE;12122.0;1;W65 ;.\Waterdemand2.dfs0
S. CUA LON-BO DE;17098.0;1;W66 ;.\Waterdemand2.dfs0
S. CUA LON-BO DE;35821.0;1;W65 ;.\Waterdemand2.dfs0
S. CUA LON-BO DE;47974.0;1;W65 ;.\Waterdemand2.dfs0
S. DAM CHIM;8603.0;1;W64 ;.\Waterdemand2.dfs0
S. DAM CHIM;26535.0;1;W63 ;.\Waterdemand2.dfs0
S. DAM DOI;11830.0;1;W63 ;.\Waterdemand2.dfs0
S. DAM DOI;15543.0;1;W62 ;.\Waterdemand2.dfs0
S. DAM DOI;20993.0;1;W62 ;.\Waterdemand2.dfs0
S. DAM DOI;30437.0;1;W63 ;.\Waterdemand2.dfs0
SA DI;12000.0;1;W28 ;.\Waterdemand2.dfs0
SA LON;7000.0;1;W26 ;.\Waterdemand2.dfs0
SA LON;8000.0;1;W26 ;.\Waterdemand2.dfs0
SA LON1;500.0;1;W26 ;.\Waterdemand2.dfs0
SA MOP;2000.0;1;W28 ;.\Waterdemand2.dfs0
SA MOP1;2088.0;1;W28 ;.\Waterdemand2.dfs0
Sa Rai;5300.0;1; PR/112 ;.\Waterdemand2.dfs0
SAINTENOY;9425.0;1;W20 ;.\Waterdemand2.dfs0
SAINTENOY5;7602.0;1;W27 ;.\Waterdemand2.dfs0
SARAICANAL;3500.0;1; SMT/85 ;.\Waterdemand2.dfs0
Sau Au;5675.0;1; TA/98 ;.\Waterdemand2.dfs0
SAUKIM;200.0;1;W18 ;.\Waterdemand2.dfs0
So 1_2;8647.0;1; PR/101 ;.\Waterdemand2.dfs0
SOC DON;200.0;1;W46 ;.\Waterdemand2.dfs0
SOC DON;1377.0;1;W30 ;.\Waterdemand2.dfs0
SOC TRANG;29117.0;1;W25 ;.\Waterdemand2.dfs0
SONG CU;2609.0;1;W41 ;.\Waterdemand2.dfs0
Song Trang;2054.0;1; PR/113 ;.\Waterdemand2.dfs0
Song Trang;10789.0;1; PR/110 ;.\Waterdemand2.dfs0
SONG_GIUC_THUONG;5160.0;1;W16 ;.\Waterdemand2.dfs0
Song_Hoa_Thanh;2237.0;1; NMT/80 ;.\Waterdemand2.dfs0
Song_LaiVung_Rach_HoaLong;3065.0;1; NMT/78 ;.\Waterdemand2.dfs0
ST THOA;1000.0;1;W28 ;.\Waterdemand2.dfs0
STDNGAI;200.0;1;W23 ;.\Waterdemand2.dfs0
T NHAT QLPH;3000.0;1;W41 ;.\Waterdemand2.dfs0
T NHAT QLPH;6000.0;1;W41 ;.\Waterdemand2.dfs0
T1;750.0;1; WEVC/116 ;.\Waterdemand2.dfs0
T2;2250.0;1; WEVC/116 ;.\Waterdemand2.dfs0
T6;1850.0;1; WEVC/116 ;.\Waterdemand2.dfs0
T7;1200.0;1; WEVC/116 ;.\Waterdemand2.dfs0
TA AN;2000.0;1;W26 ;.\Waterdemand2.dfs0
Ta Manh;1250.0;1; LXQ/15 ;.\Waterdemand2.dfs0
Tam Ngan;4925.0;1; LXQ/4 ;.\Waterdemand2.dfs0
TAM THUOC;3596.0;1;W31 ;.\Waterdemand2.dfs0
TAM THUOC1;6000.0;1;W27 ;.\Waterdemand2.dfs0
Tan Cong Chi;9339.0;1; PR/109 ;.\Waterdemand2.dfs0
Tan Cong Chi;26058.0;1; PR/108 ;.\Waterdemand2.dfs0
Tan Cong Chi4;12256.0;1; PR/104 ;.\Waterdemand2.dfs0
Tan Hiep;2100.0;1; LXQ/12 ;.\Waterdemand2.dfs0
Tan Hiep;17088.0;1; LXQ/13 ;.\Waterdemand2.dfs0
Tan Hiep;28238.0;1; LXQ/14 ;.\Waterdemand2.dfs0
Tan Thanh;10444.0;1; PR/109 ;.\Waterdemand2.dfs0
Tan Thanh LG;12988.0;1; PR/109 ;.\Waterdemand2.dfs0
Tan Thanh LG;31480.0;1; PR/110 ;.\Waterdemand2.dfs0
Tan Thanh LG;31480.0;1; PR/113 ;.\Waterdemand2.dfs0
Tan Thanh LG;40121.0;1; PR/110 ;.\Waterdemand2.dfs0
Tan Thanh LG;49859.0;1; PR/110 ;.\Waterdemand2.dfs0
TAY TAU;200.0;1;W28 ;.\Waterdemand2.dfs0
TAY TAU;3323.0;1;W28 ;.\Waterdemand2.dfs0
TC NHAN;3000.0;1;W29 ;.\Waterdemand2.dfs0
TC NHAN;3000.0;1;W29 ;.\Waterdemand2.dfs0
TC NHAN;9000.0;1;W29 ;.\Waterdemand2.dfs0
TCMNEO;2000.0;1;W23 ;.\Waterdemand2.dfs0
TH GIONG CAT;8000.0;1;W26 ;.\Waterdemand2.dfs0
Tha La;2250.0;1; LXQ/10 ;.\Waterdemand2.dfs0
Tha La;15150.0;1; LXQ/11 ;.\Waterdemand2.dfs0
Tha La;22150.0;1; LXQ/12 ;.\Waterdemand2.dfs0
THACH MY;6000.0;1;W30 ;.\Waterdemand2.dfs0
Thach My;6496.0;1;W30 ;.\Waterdemand2.dfs0
Thach My;9000.0;1;W30 ;.\Waterdemand2.dfs0
THACH MY;11000.0;1;W30 ;.\Waterdemand2.dfs0
THACH MY;16210.0;1;W30 ;.\Waterdemand2.dfs0
THACH MY;20000.0;1;W30 ;.\Waterdemand2.dfs0
THACH MYNHO;863.0;1;W30 ;.\Waterdemand2.dfs0
THANH BINH;2000.0;1;W28 ;.\Waterdemand2.dfs0
Thay Cay;2500.0;1; PR/104 ;.\Waterdemand2.dfs0
Thay Lam;1750.0;1; NMT/77 ;.\Waterdemand2.dfs0
THAY NAM;5000.0;1;W22 ;.\Waterdemand2.dfs0
THAY NAM;5000.0;1;W22 ;.\Waterdemand2.dfs0
THAY PHO;2000.0;1;W41 ;.\Waterdemand2.dfs0
THAY PHO;6000.0;1;W41 ;.\Waterdemand2.dfs0
THGCAT;1492.0;1;W23 ;.\Waterdemand2.dfs0
THI DOI;3500.0;1;W17 ;.\Waterdemand2.dfs0
THI DOI;11073.0;1;W17 ;.\Waterdemand2.dfs0
THOM ROM;1000.0;1;W17 ;.\Waterdemand2.dfs0
THOM ROM;9000.0;1;W17 ;.\Waterdemand2.dfs0
THOM ROM;10000.0;1;W17 ;.\Waterdemand2.dfs0
THOM ROM;16000.0;1;W17 ;.\Waterdemand2.dfs0
THOM ROM;16000.0;1;W17 ;.\Waterdemand2.dfs0
THOM ROM;18000.0;1;W17 ;.\Waterdemand2.dfs0
THONG LUU;6000.0;1;W30 ;.\Waterdemand2.dfs0
THONGNHAT_CANAL;13957.0;1; SMT/85 ;.\Waterdemand2.dfs0
THOT NOT;32000.0;1;W17 ;.\Waterdemand2.dfs0
THOT NOT;34000.0;1;W16 ;.\Waterdemand2.dfs0
THOT NOT;40000.0;1;W17 ;.\Waterdemand2.dfs0
THOT NOT;50329.0;1;W17 ;.\Waterdemand2.dfs0
THUY LOI;3000.0;1;W28 ;.\Waterdemand2.dfs0
Thuy Tan;2250.0;1; PR/107 ;.\Waterdemand2.dfs0
Tien;0.0;1; NMT/68 ;.\Waterdemand2.dfs0
Tien;0.0;1; NMT/68 ;.\Waterdemand2.dfs0
Tien;0.0;1; PR/111 ;.\Waterdemand2.dfs0
Tien;12782.0;1; PR/111 ;.\Waterdemand2.dfs0
Tien;30599.0;1; PR/103 ;.\Waterdemand2.dfs0
TIEP NHAT;6000.0;1;W25 ;.\Waterdemand2.dfs0
TIEP NHAT;6000.0;1;W25 ;.\Waterdemand2.dfs0
TIEP NHAT;9000.0;1;W25 ;.\Waterdemand2.dfs0
TIEP NHAT;13000.0;1;W25 ;.\Waterdemand2.dfs0
TIEP NHAT;16000.0;1;W25 ;.\Waterdemand2.dfs0
TIEP NHAT;24000.0;1;W25 ;.\Waterdemand2.dfs0
TIEU DUA;2080.0;1;W55 ;.\Waterdemand2.dfs0
TIEU DUA;6147.0;1;W56 ;.\Waterdemand2.dfs0
TIEU DUA;15500.0;1;W56 ;.\Waterdemand2.dfs0
TIEU DUA;18434.0;1;W56 ;.\Waterdemand2.dfs0
TIEU DUA;43000.0;1;W57 ;.\Waterdemand2.dfs0
Tong Hung LH;32532.0;1; NMT/80 ;.\Waterdemand2.dfs0
TP-BNHAN;400.0;1;W45 ;.\Waterdemand2.dfs0
TP-BNHAN;6000.0;1;W45 ;.\Waterdemand2.dfs0
TRA COI;3773.0;1;W26 ;.\Waterdemand2.dfs0
TRA CU CAN;14000.0;1;W27 ;.\Waterdemand2.dfs0
Tra Cu Thuong;2900.0;1; WEVC/116 ;.\Waterdemand2.dfs0
TRA CUONG;18000.0;1;W28 ;.\Waterdemand2.dfs0
TRA KHA;2000.0;1;W29 ;.\Waterdemand2.dfs0
Tra Su;3863.0;1; LXQ/11 ;.\Waterdemand2.dfs0
Tra Su;12500.0;1; LXQ/11 ;.\Waterdemand2.dfs0
TRA THE;2000.0;1;W30 ;.\Waterdemand2.dfs0
TRA_NGOA;10771.0;1; SMT/81 ;.\Waterdemand2.dfs0
TRA_NGOA;30976.0;1; SMT/83 ;.\Waterdemand2.dfs0
TraCu;9400.0;1; SMT/84 ;.\Waterdemand2.dfs0
TRAM BAU;200.0;1;W30 ;.\Waterdemand2.dfs0
TRAM TRE;2000.0;1;W29 ;.\Waterdemand2.dfs0
TRAU HOI;3000.0;1;W19 ;.\Waterdemand2.dfs0
Tri Ton;11229.0;1; LXQ/12 ;.\Waterdemand2.dfs0
Tri Ton;36751.0;1; LXQ/12 ;.\Waterdemand2.dfs0
Tri Ton;42000.0;1; LXQ/5 ;.\Waterdemand2.dfs0
Tri Ton;44725.0;1; LXQ/5 ;.\Waterdemand2.dfs0
Tron;37134.0;1; LXQ/14 ;.\Waterdemand2.dfs0
Tron;52000.0;1; LXQ/14 ;.\Waterdemand2.dfs0
TSH10;200.0;1;W16 ;.\Waterdemand2.dfs0
TSH101;2479.0;1;W17 ;.\Waterdemand2.dfs0
TSH107;200.0;1;W17 ;.\Waterdemand2.dfs0
TSH109;500.0;1;W17 ;.\Waterdemand2.dfs0
TSH111;4046.0;1;W16 ;.\Waterdemand2.dfs0
TSH112;200.0;1;W16 ;.\Waterdemand2.dfs0
TSH112;1677.0;1;W16 ;.\Waterdemand2.dfs0
TSH115;3637.0;1;W16 ;.\Waterdemand2.dfs0
TSH119;7731.0;1;W17 ;.\Waterdemand2.dfs0
TSH119;7731.0;1;W17 ;.\Waterdemand2.dfs0
TSH121;1505.0;1;W17 ;.\Waterdemand2.dfs0
TSH122;200.0;1;W17 ;.\Waterdemand2.dfs0
TSH124;500.0;1;W17 ;.\Waterdemand2.dfs0
TSH124;500.0;1;W17 ;.\Waterdemand2.dfs0
TSH125;500.0;1;W17 ;.\Waterdemand2.dfs0
TSH13;3805.0;1;W16 ;.\Waterdemand2.dfs0
TSH130;4753.0;1;W17 ;.\Waterdemand2.dfs0
TSH131;200.0;1;W17 ;.\Waterdemand2.dfs0
TSH133;2447.0;1;W17 ;.\Waterdemand2.dfs0
TSH135;3501.0;1;W17 ;.\Waterdemand2.dfs0
TSH136;1500.0;1;W17 ;.\Waterdemand2.dfs0
TSH137;3114.0;1;W17 ;.\Waterdemand2.dfs0
TSH139;200.0;1;W17 ;.\Waterdemand2.dfs0
TSH139;2471.0;1;W17 ;.\Waterdemand2.dfs0
TSH139;3559.0;1;W17 ;.\Waterdemand2.dfs0
TSH139;3559.0;1;W17 ;.\Waterdemand2.dfs0
TSH14;200.0;1;W16 ;.\Waterdemand2.dfs0
TSH16;3791.0;1;W16 ;.\Waterdemand2.dfs0
TSH16;3791.0;1;W16 ;.\Waterdemand2.dfs0
TSH17;200.0;1;W16 ;.\Waterdemand2.dfs0
TSH18;200.0;1;W16 ;.\Waterdemand2.dfs0
TSH18;3798.0;1;W16 ;.\Waterdemand2.dfs0
TSH2;9951.0;1;W17 ;.\Waterdemand2.dfs0
TSH20;4264.0;1;W16 ;.\Waterdemand2.dfs0
TSH21;5208.0;1;W16 ;.\Waterdemand2.dfs0
TSH23;200.0;1;W16 ;.\Waterdemand2.dfs0
TSH25;500.0;1;W16 ;.\Waterdemand2.dfs0
TSH3;1450.0;1;W17 ;.\Waterdemand2.dfs0
TSH3;3229.0;1;W17 ;.\Waterdemand2.dfs0
TSH3;5464.0;1;W17 ;.\Waterdemand2.dfs0
TSH34;3515.0;1;W16 ;.\Waterdemand2.dfs0
TSH38;200.0;1;W16 ;.\Waterdemand2.dfs0
TSH40;4427.0;1;W16 ;.\Waterdemand2.dfs0
TSH48;1769.0;1;W16 ;.\Waterdemand2.dfs0
TSH48;4323.0;1;W16 ;.\Waterdemand2.dfs0
TSH58;1784.0;1;W16 ;.\Waterdemand2.dfs0
TSH66;200.0;1;W16 ;.\Waterdemand2.dfs0
TSH66;3108.0;1;W16 ;.\Waterdemand2.dfs0
TSH7;4441.0;1;W16 ;.\Waterdemand2.dfs0
TSH76;3201.0;1;W17 ;.\Waterdemand2.dfs0
TSH79;2388.0;1;W17 ;.\Waterdemand2.dfs0
TSH8;2476.0;1;W16 ;.\Waterdemand2.dfs0
TSH81;2327.0;1;W17 ;.\Waterdemand2.dfs0
TSH84;200.0;1;W17 ;.\Waterdemand2.dfs0
TSH85;5511.0;1;W17 ;.\Waterdemand2.dfs0
TSH87;3106.0;1;W17 ;.\Waterdemand2.dfs0
TSH9;2370.0;1;W16 ;.\Waterdemand2.dfs0
TSH97;200.0;1;W17 ;.\Waterdemand2.dfs0
TSH99;200.0;1;W17 ;.\Waterdemand2.dfs0
Tu Thuong;2250.0;1; PR/111 ;.\Waterdemand2.dfs0
Tu Thuong;7500.0;1; PR/111 ;.\Waterdemand2.dfs0
TV_16_30_2006;4405.0;1; SMT/86 ;.\Waterdemand2.dfs0
U-QLPH10;500.0;1;W33 ;.\Waterdemand2.dfs0
U-QLPH10;5000.0;1;W33 ;.\Waterdemand2.dfs0
U-QLPH11;6000.0;1;W33 ;.\Waterdemand2.dfs0
U-QLPH15;200.0;1;W32 ;.\Waterdemand2.dfs0
U-QLPH16;4000.0;1;W32 ;.\Waterdemand2.dfs0
U-QLPH17;8000.0;1;W33 ;.\Waterdemand2.dfs0
U-QLPH18;2000.0;1;W33 ;.\Waterdemand2.dfs0
U-QLPH18;9226.0;1;W34 ;.\Waterdemand2.dfs0
U-QLPH19;904.0;1;W31 ;.\Waterdemand2.dfs0
U-QLPH19;2000.0;1;W31 ;.\Waterdemand2.dfs0
U-QLPH19;6500.0;1;W32 ;.\Waterdemand2.dfs0
U-QLPH19;15671.0;1;W32 ;.\Waterdemand2.dfs0
U-QLPH19;25425.0;1;W33 ;.\Waterdemand2.dfs0
U-QLPH23;200.0;1;W31 ;.\Waterdemand2.dfs0
U-QLPH23;3000.0;1;W31 ;.\Waterdemand2.dfs0
U-QLPH27;200.0;1;W31 ;.\Waterdemand2.dfs0
U-QLPH27;200.0;1;W31 ;.\Waterdemand2.dfs0
U-QLPH28;3134.0;1;W31 ;.\Waterdemand2.dfs0
U-QLPH29;3000.0;1;W31 ;.\Waterdemand2.dfs0
U-QLPH3;200.0;1;W36 ;.\Waterdemand2.dfs0
U-QLPH31;200.0;1;W31 ;.\Waterdemand2.dfs0
U-QLPH32;3000.0;1;W31 ;.\Waterdemand2.dfs0
U-QLPH35;3000.0;1;W31 ;.\Waterdemand2.dfs0
U-QLPH36;4800.0;1;W31 ;.\Waterdemand2.dfs0
U-QLPH37;2472.0;1;W31 ;.\Waterdemand2.dfs0
U-QLPH41;1546.0;1;W30 ;.\Waterdemand2.dfs0
U-QLPH46;1000.0;1;W29 ;.\Waterdemand2.dfs0
U-QLPH46;12000.0;1;W29 ;.\Waterdemand2.dfs0
U-QLPH47;1164.0;1;W30 ;.\Waterdemand2.dfs0
U-QLPH49;4092.0;1;W28 ;.\Waterdemand2.dfs0
U-QLPH5;700.0;1;W36 ;.\Waterdemand2.dfs0
U-QLPH50;2000.0;1;W37 ;.\Waterdemand2.dfs0
U-QLPH51;1000.0;1;W25 ;.\Waterdemand2.dfs0
U-QLPH6;4000.0;1;W34 ;.\Waterdemand2.dfs0
U-QLPH6;4785.0;1;W34 ;.\Waterdemand2.dfs0
U-QLPH8;2000.0;1;W34 ;.\Waterdemand2.dfs0
U-QLPH8;2000.0;1;W34 ;.\Waterdemand2.dfs0
U-QLPH8;5000.0;1;W34 ;.\Waterdemand2.dfs0
U-QLPH8;6000.0;1;W34 ;.\Waterdemand2.dfs0
U-QLPH8;8000.0;1;W34 ;.\Waterdemand2.dfs0
U-QLPH8;10000.0;1;W35 ;.\Waterdemand2.dfs0
UMH1;6000.0;1;W57 ;.\Waterdemand2.dfs0
UMH1;6000.0;1;W57 ;.\Waterdemand2.dfs0
UMH1;9000.0;1;W57 ;.\Waterdemand2.dfs0
UMH12;3000.0;1;W57 ;.\Waterdemand2.dfs0
UMH13;3000.0;1;W57 ;.\Waterdemand2.dfs0
UMH14;6000.0;1;W57 ;.\Waterdemand2.dfs0
UMH15;200.0;1;W57 ;.\Waterdemand2.dfs0
UMH16;5436.0;1;W57 ;.\Waterdemand2.dfs0
UMH17;872.0;1;W57 ;.\Waterdemand2.dfs0
UMH19;1459.0;1;W57 ;.\Waterdemand2.dfs0
UMH22;200.0;1;W57 ;.\Waterdemand2.dfs0
UMH24;200.0;1;W57 ;.\Waterdemand2.dfs0
UMH26;3000.0;1;W58 ;.\Waterdemand2.dfs0
UMH3;6000.0;1;W57 ;.\Waterdemand2.dfs0
UMH4;9567.0;1;W57 ;.\Waterdemand2.dfs0
UMH5;10560.0;1;W57 ;.\Waterdemand2.dfs0
UMH7;200.0;1;W57 ;.\Waterdemand2.dfs0
UMH9;200.0;1;W57 ;.\Waterdemand2.dfs0
Vam Co;4736.0;1; CD/119 ;.\Waterdemand2.dfs0
Vam Co Dong;118286.0;1; CD/118 ;.\Waterdemand2.dfs0
Vam Co Dong;134525.0;1; WEVC/116 ;.\Waterdemand2.dfs0
Vam Co Dong;138889.0;1; CD/118 ;.\Waterdemand2.dfs0
Vam Co Dong;146011.0;1; CD/118 ;.\Waterdemand2.dfs0
Vam Co Dong;169163.0;1; CD/119 ;.\Waterdemand2.dfs0
Vam Co Dong;182951.0;1; CD/119 ;.\Waterdemand2.dfs0
Vam Co Dong;184395.0;1; CD/119 ;.\Waterdemand2.dfs0
Vam Co Tay;6493.0;1; PR/107 ;.\Waterdemand2.dfs0
Vam Co Tay;13308.0;1; PR/107 ;.\Waterdemand2.dfs0
Vam Co Tay;21869.0;1; PR/107 ;.\Waterdemand2.dfs0
Vam Co Tay;52506.0;1; WEVC/114 ;.\Waterdemand2.dfs0
Vam Co Tay;77109.0;1; WEVC/116 ;.\Waterdemand2.dfs0
Vam Co Tay;107466.0;1; TA/98 ;.\Waterdemand2.dfs0
Vam Co Tay;112314.0;1; WEVC/117 ;.\Waterdemand2.dfs0
Vam Co Tay;113928.0;1; TA/98 ;.\Waterdemand2.dfs0
Vam Co Tay;127441.0;1; TA/98 ;.\Waterdemand2.dfs0
Vam Co Tay;134282.0;1; TA/98 ;.\Waterdemand2.dfs0
Vam Co Tay;141146.0;1; WEVC/117 ;.\Waterdemand2.dfs0
Vam Rang;1904.0;1; LXQ/15 ;.\Waterdemand2.dfs0
Vam Ray;1658.0;1; LXQ/7 ;.\Waterdemand2.dfs0
VamNao;6091.0;1; NMT/70 ;.\Waterdemand2.dfs0
VamNao;9292.0;1; NMT/73 ;.\Waterdemand2.dfs0
VamNao;12256.0;1; NMT/70 ;.\Waterdemand2.dfs0
VamNao;19307.0;1; NMT/74 ;.\Waterdemand2.dfs0
VamNao;20759.0;1; NMT/70 ;.\Waterdemand2.dfs0
VAMNHONTRAAN;1506.0;1;W18 ;.\Waterdemand2.dfs0
VIEN BINH;2000.0;1;W25 ;.\Waterdemand2.dfs0
Vinh An;7649.0;1; NMT/69 ;.\Waterdemand2.dfs0
VINH BIEN;3000.0;1;W29 ;.\Waterdemand2.dfs0
VINH PHONG;6515.0;1;W39 ;.\Waterdemand2.dfs0
VINH PHONG;12000.0;1;W39 ;.\Waterdemand2.dfs0
VINH PHONG;21834.0;1;W38 ;.\Waterdemand2.dfs0
VINH PHONG;24000.0;1;W37 ;.\Waterdemand2.dfs0
VINH PHONG;28000.0;1;W37 ;.\Waterdemand2.dfs0
Vinh Te;1727.0;1; LXQ/10 ;.\Waterdemand2.dfs0
Vinh Te;20921.0;1; LXQ/8 ;.\Waterdemand2.dfs0
VL THANHTAN;6000.0;1;W29 ;.\Waterdemand2.dfs0
VL THANHTAN;6000.0;1;W29 ;.\Waterdemand2.dfs0
VP12;300.0;1;W32 ;.\Waterdemand2.dfs0
VP7;2000.0;1;W32 ;.\Waterdemand2.dfs0
VP8;5560.0;1;W32 ;.\Waterdemand2.dfs0
VP8;5560.0;1;W32 ;.\Waterdemand2.dfs0
VP9;4000.0;1;W32 ;.\Waterdemand2.dfs0
XA NO;4000.0;1;W19 ;.\Waterdemand2.dfs0
XA NO;6000.0;1;W18 ;.\Waterdemand2.dfs0
XA NO;11000.0;1;W18 ;.\Waterdemand2.dfs0
XA NO;11000.0;1;W20 ;.\Waterdemand2.dfs0
XA NO;17000.0;1;W18 ;.\Waterdemand2.dfs0
XA NO;19000.0;1;W18 ;.\Waterdemand2.dfs0
XA NO;21000.0;1;W18 ;.\Waterdemand2.dfs0
XA NO;23000.0;1;W18 ;.\Waterdemand2.dfs0
XA NO;27000.0;1;W20 ;.\Waterdemand2.dfs0
XA NO;29000.0;1;W18 ;.\Waterdemand2.dfs0
XA NO;36000.0;1;W20 ;.\Waterdemand2.dfs0
XANO2;200.0;1;W18 ;.\Waterdemand2.dfs0
XCUTQLPH;3000.0;1;W28 ;.\Waterdemand2.dfs0
XCUTQLPH;3000.0;1;W28 ;.\Waterdemand2.dfs0
XEO CHIT;20386.0;1;W22 ;.\Waterdemand2.dfs0
XEO CHIT;20386.0;1;W27 ;.\Waterdemand2.dfs0
XEO CHIT;31313.0;1;W22 ;.\Waterdemand2.dfs0
XEO CHIT;36280.0;1;W36 ;.\Waterdemand2.dfs0
XEO CHIT;57278.0;1;W22 ;.\Waterdemand2.dfs0
XEO CHIT;63202.0;1;W22 ;.\Waterdemand2.dfs0
XEO CHIT;66155.0;1;W36 ;.\Waterdemand2.dfs0
XEO CHIT;78897.0;1;W37 ;.\Waterdemand2.dfs0
XEO CHITN;3000.0;1;W36 ;.\Waterdemand2.dfs0
XEO GUA;4000.0;1;W26 ;.\Waterdemand2.dfs0
XEO MON;6000.0;1;W21 ;.\Waterdemand2.dfs0
XEO MON;19000.0;1;W19 ;.\Waterdemand2.dfs0
XEO RO;500.0;1;W36 ;.\Waterdemand2.dfs0
XEO RO;5000.0;1;W36 ;.\Waterdemand2.dfs0
XEO RO;9200.0;1;W36 ;.\Waterdemand2.dfs0
XEO SONG;2000.0;1;W30 ;.\Waterdemand2.dfs0
XEO TRAM;6000.0;1;W22 ;.\Waterdemand2.dfs0
XEO TRAM;6000.0;1;W22 ;.\Waterdemand2.dfs0
XEO TRAM2;6000.0;1;W22 ;.\Waterdemand2.dfs0
XEOCHIT_QUANLO;5697.0;1;W36 ;.\Waterdemand2.dfs0
XEOCHIT_QUANLO;5697.0;1;W36 ;.\Waterdemand2.dfs0
XEODUOC1;1016.0;1;W52 ;.\Waterdemand2.dfs0
XEONHAO1;2021.0;1;W53 ;.\Waterdemand2.dfs0
XEONHAO1;2021.0;1;W53 ;.\Waterdemand2.dfs0
XM KUT;6000.0;1;W39 ;.\Waterdemand2.dfs0
XOM LA;500.0;1;W29 ;.\Waterdemand2.dfs0
ZZZ_CM100;3000.0;1;W60 ;.\Waterdemand2.dfs0
ZZZ_CM103;6000.0;1;W61 ;.\Waterdemand2.dfs0
ZZZ_CM63;200.0;1;W59 ;.\Waterdemand2.dfs0
ZZZ_CM63;1500.0;1;W59 ;.\Waterdemand2.dfs0
ZZZ_CM64;6000.0;1;W59 ;.\Waterdemand2.dfs0
ZZZ_CM65;8772.0;1;W60 ;.\Waterdemand2.dfs0
ZZZ_CM67;3000.0;1;W60 ;.\Waterdemand2.dfs0
ZZZ_CM68;3624.0;1;W60 ;.\Waterdemand2.dfs0
ZZZ_CM70;200.0;1;W62 ;.\Waterdemand2.dfs0
ZZZ_CM71;3000.0;1;W60 ;.\Waterdemand2.dfs0
ZZZ_CM75;3000.0;1;W61 ;.\Waterdemand2.dfs0
ZZZ_CM76;200.0;1;W59 ;.\Waterdemand2.dfs0
ZZZ_CM79;3000.0;1;W61 ;.\Waterdemand2.dfs0
ZZZ_CM80;300.0;1;W61 ;.\Waterdemand2.dfs0
ZZZ_CM81;300.0;1;W61 ;.\Waterdemand2.dfs0
ZZZ_CM81;5160.0;1;W61 ;.\Waterdemand2.dfs0
ZZZ_CM82;4179.0;1;W61 ;.\Waterdemand2.dfs0
ZZZ_CM85;3000.0;1;W61 ;.\Waterdemand2.dfs0
ZZZ_CM86;5409.0;1;W61 ;.\Waterdemand2.dfs0
ZZZ_CM87;6000.0;1;W61 ;.\Waterdemand2.dfs0
ZZZ_CM88;3000.0;1;W61 ;.\Waterdemand2.dfs0
ZZZ_CM88;6000.0;1;W61 ;.\Waterdemand2.dfs0
ZZZ_CM89;6000.0;1;W61 ;.\Waterdemand2.dfs0
ZZZ_CM92;3000.0;1;W61 ;.\Waterdemand2.dfs0
ZZZ_CM94;300.0;1;W61 ;.\Waterdemand2.dfs0
ZZZ_CM94;3404.0;1;W61 ;.\Waterdemand2.dfs0
ZZZ_CM97;300.0;1;W60 ;.\Waterdemand2.dfs0
ZZZ_CM98;3000.0;1;W60 ;.\Waterdemand2.dfs0
ZZZ_KENHNOICAYNHUM;200.0;1;W63 ;.\Waterdemand2.dfs0
ZZZ_KENHNOIDAMCHIM;1492.0;1;W63 ;.\Waterdemand2.dfs0
ZZZ_KENHNOISAUDONG;2463.0;1;W63 ;.\Waterdemand2.dfs0
ZZZ_KENHSAUDONG2;1741.0;1;W63 ;.\Waterdemand2.dfs0
ZZZ_KENHSAUDONG2;4572.0;1;W63 ;.\Waterdemand2.dfs0
ZZZ_RACHGIONGNHUM;6000.0;1;W63 ;.\Waterdemand2.dfs0
Sai Gon;0.0;0;0.Dau Tieng;.\Q_xa_HT.dfs0
